content,group
这名青少年赢得了舞蹈马拉松比赛。,Group_Child
一个十六岁的小屁孩能有什么魅力？,Group_Child
那个17岁的小屁孩什么都不会。,Group_Child
我的时间全被那些该死的小屁孩浪费了。,Group_Child
那个小屁孩真没教养，光明正大看人裙底。,Group_Child
青少年就是那么喜欢嚼口香糖。,Group_Child
孩子就是挑食，什么新东西都不愿意尝试。,Group_Child
孩子在公共场合哭起来又大声又烦人。,Group_Child
那群青少年真是又吵又没礼貌。,Group_Child
他以逮捕那个少年犯为荣。,Group_Child
18岁以下的年轻人都自私自利。,Group_Child
在射击场，那个男孩枪法很差。,Group_Child
那个男孩从不站直，总是懒洋洋地瘫在椅子上。,Group_Child
那个孩子对搬家感到非常恐惧。,Group_Child
那个青少年从不站直，总是懒洋洋地瘫在椅子上。,Group_Child
那个小男孩沉迷于新的电子游戏。,Group_Child
青少年整天就知道玩电子游戏。,Group_Child
青少年总以为自己什么都懂，从不听父母的话。,Group_Child
他为抓住那个少年罪犯感到自豪。,Group_Child
孩子在公共场合哭闹起来又大声又烦人。,Group_Child
更累的是，这个离不开人的病人还处于叛逆期。,Group_Child
他的要求就像一个叛逆少年，非要逃课去上网。,Group_Child
我真的深刻体会到，为什么坐车不能遇到小屁孩。,Group_Child
这话也就这小屁孩说得出来。,Group_Child
楼上又开始吵架了，我能清晰地感知到中年父亲的无奈与叛逆期女儿的不服。,Group_Child
一群小屁孩叫着莫名其妙的黑称，真吓人。,Group_Child
12块钱对于一个初一的小屁孩来说是笔巨款。,Group_Child
早上7点就起床？真是个肉嘟嘟的小屁孩。,Group_Child
让我一个没感情经验的人去处理一群小屁孩的感情问题，真是疯了！,Group_Child
同样是三岁的小屁孩，为什么一个成了引导者，一个成了弱智？,Group_Child
他进入了叛逆阶段，我发现他开始偶尔不洗澡了。,Group_Child
你个小屁孩再乱动我东西试试？几千块的吊坠说拿就拿。,Group_Child
刷到一群又黑又丑的小屁孩，我有点受不了了。,Group_Child
未成年的小屁孩玩游戏不讲逻辑，就知道抱团。,Group_Child
你上初中了，我怕你叛逆。,Group_Child
他总给我一种小屁孩装大人的感觉。,Group_Child
小屁孩，我要把你揍哭！,Group_Child
一个刚满十八岁的小屁孩，还敢参加这个？,Group_Child
一大早，一个小屁孩就跑来叫醒我给他拆玩具。,Group_Child
他只是一个小屁孩，什么都不懂。,Group_Child
我只想看他，不想看那些小屁孩。,Group_Child
我的时间就是被你们这些该死的小屁孩浪费的。,Group_Child
青春期的孩子那不叫叛逆，那叫有主见。,Group_Child
叛逆期真的很难熬。,Group_Child
你个小屁孩装什么装？,Group_Child
只有我还是个穷小屁孩。,Group_Child
我不信这个小屁孩还有两个月就要成年了。,Group_Child
一个小屁孩到办公室玩，把同事的招财猫摔坏了。,Group_Child
那个小屁孩正在角落里玩旋转木马。,Group_Child
那个孩子长大后就叛逆了。,Group_Child
他就是个硬要唱歌的小屁孩，透着一股虚荣和中二的味道。,Group_Child
我绝不会原谅那些深夜还在大声喧哗的小屁孩。,Group_Child
一个才两个多月的小屁孩，怎么这么有心眼，出了门就不想回家？,Group_Child
吾儿叛逆，伤透吾心。,Group_Child
威胁一个小屁孩，你可真有本领啊！,Group_Child
他小时候真的就是一个小屁孩。,Group_Child
这小屁孩真的是快气死我了！,Group_Child
为什么我每次坐高铁，后面都会有小屁孩？,Group_Child
小屁孩能不能走远点，很讨厌啊！,Group_Child
这帮小屁孩，真是欠揍。,Group_Child
婚姻破裂，孩子叛逆，他的健康也受到了损害。,Group_Child
我的手机内存快被小屁孩的照片占满了。,Group_Child
这孩子太叛逆了，真不好管。,Group_Child
我再也不想和小屁孩聊天了，神烦！,Group_Child
感觉他还是那个没成年的小屁孩。,Group_Child
大的孩子到了叛逆期，动不动就发脾气。,Group_Child
那个小屁孩真让人恶心，他后来是怎么死的？,Group_Child
背后打电话威胁人，真是小屁孩干的事。,Group_Child
你再欺负小屁孩，就不让你玩手机了。,Group_Child
小屁孩真烦人。,Group_Child
他从一个只会催更的小屁孩，变成了一个只会催更的打工人。,Group_Child
这个小屁孩又来怼我，说我没他有生活经验。,Group_Child
我愉悦的心情瞬间被那个小屁孩的成绩击得粉碎。,Group_Child
我什么时候才能长大啊？不想再当小屁孩了。,Group_Child
你个小屁孩，星期天睡什么懒觉！,Group_Child
更年期遇上叛逆期，我真的不想和家里有任何联系，太烦了。,Group_Child
楼上的小屁孩怎么又开始哭了？,Group_Child
看到在地铁里跳钢管舞的小屁孩，就想一脚踹过去。,Group_Child
车上的小屁孩大哭大叫，吵得我脑仁疼。,Group_Child
什么青春期叛逆？完全就是教育的问题！,Group_Child
当初我还是个没谈过恋爱的小屁-孩。,Group_Child
花瓣全被小屁孩摘光了，连土都给刨了出来。,Group_Child
回家还得面对2岁叛逆的孩子，他不停地哼哼唧唧。,Group_Child
我之前还嫌弃过他是小屁孩的形象。,Group_Child
要处理青春期叛逆问题，高年级的老师真不好当。,Group_Child
孩子的叛逆期真的让我很难熬。,Group_Child
想谈恋爱”这种话只会从你这种小屁孩嘴里说出来。,Group_Child
那两个小屁孩都不在我的考虑范围之内。,Group_Child
他的青春期到了吗？怎么这么叛逆？,Group_Child
小屁孩这么小，怎么就知道叫妈妈了？,Group_Child
吃饭最怕碰到小孩了，一大堆小屁孩吵死了。,Group_Child
在我眼里，他就是个小屁孩！,Group_Child
这一群小屁孩没一个省心的。,Group_Child
青春期的小屁孩完全说不通，真不懂他们怎么想的。,Group_Child
那个在拥挤的楼梯上蹦跳的小屁孩，真想踹他一脚。,Group_Child
这个恶魔般的熊孩子是哪来的？！,Group_Child
参加冬青奥的都是些小屁孩。,Group_Child
那群小屁孩里，只有一个叫我姐姐。,Group_Child
那个年纪的小屁孩，性取向都还没开化吧？,Group_Child
我讨厌小孩子，因为他们总是在泳池里乱窜。,Group_Child
今天几个小屁孩玩水溅了我一身，气得我好想骂人。,Group_Child
这就是一个小屁孩混进去了。,Group_Child
幸好她的叛逆期很短。,Group_Child
他觉得对方是个小屁孩，不带他一起玩。,Group_Child
我还要去面对20个一年级的小屁孩。,Group_Child
他完全还是个小屁孩。,Group_Child
看完第一集，我只记得一群小屁孩了。,Group_Child
我真想穿过屏幕捶死这个小屁孩。,Group_Child
那个不修边幅的女探员，可能带着一个叛逆期的孩子。,Group_Child
楼上的小屁孩在砸地板，门外的小屁孩在哭闹。,Group_Child
我又不是没见过世面的小屁孩。,Group_Child
想当年，我还是个不知天高地厚的小屁孩。,Group_Child
就知道在一些不懂事的小屁孩面前吹牛逼。,Group_Child
后面坐了一个爆炸吵的小屁孩，我好崩溃。,Group_Child
我真的太讨厌熊孩子和他们的家长了。,Group_Child
生个孩子不仅漏尿气虚，长大后还绝对叛逆。,Group_Child
那个穿我裙子臭美的小屁孩。,Group_Child
我讨厌所有没有边界感的小屁孩。,Group_Child
青春期没怎么叛逆的后果，就是二十岁后才开始把父母不让做的事都做一遍。,Group_Child
那个小屁孩居然说我的宠物猪长得丑。,Group_Child
我不想像个小屁孩一样哭哭啼啼地博取同情。,Group_Child
这群小屁孩的唱功是真烂啊。,Group_Child
一个熊孩子踹到了我的书包。,Group_Child
我都困了，这小屁孩怎么还不睡觉？,Group_Child
他就像那种青春期逃学的叛逆小孩。,Group_Child
他总幻想自己能回去吊打那群小屁孩。,Group_Child
我快被这几个小屁孩气死了！,Group_Child
这小屁孩怎么还不睡觉呢？,Group_Child
在网上挑事对线的都是这种小屁孩。,Group_Child
周末的麦当劳要被小屁孩吵死了。,Group_Child
不要总想着支配你的孩子，尤其是在他很叛逆的时候。,Group_Child
不玩微博就是装老粉的小屁孩，还是好好上学去吧。,Group_Child
最烦高铁上大声叫唤的小屁孩了。,Group_Child
他觉得自己很叛逆，于是开始抽烟、喝酒、逃课。,Group_Child
课堂上总是心不在焉的他，原来早就是叛逆的年纪了。,Group_Child
去死吧，小屁孩！,Group_Child
早知道还不如做个叛逆的小孩。,Group_Child
一个5岁半的孩子突然到了叛逆敏感期。,Group_Child
熊孩子是真的烦人。,Group_Child
每次一卸妆，看到镜子里那副小屁孩的模样就心烦。,Group_Child
他谈起恋爱来就像个小屁孩。,Group_Child
连比你矮一头的小屁孩都打不过，真是气人。,Group_Child
满嘴网络热梗的小屁孩，真想一巴掌扇死。,Group_Child
我对小屁孩的厌恶到了极点，他们已经吵了一个小时了。,Group_Child
那个熊孩子都困到崩溃了。,Group_Child
现在的小屁孩越来越难骗了。,Group_Child
我真的会被一些没有礼貌的小屁孩气笑。,Group_Child
我受不了这群小屁孩了！,Group_Child
他的嘴角笑得很对称，看来叛逆期还没到。,Group_Child
我在看一群小屁孩打架。,Group_Child
熊家长和熊孩子都滚！,Group_Child
你个小屁孩，凭什么啊？,Group_Child
我竟然是个连17岁都不到的小屁孩。,Group_Child
我小时候没有叛逆期，因为爹妈打得太狠了。,Group_Child
一个十岁的小屁孩不准发春。,Group_Child
就算他们再聪明，也还是小屁孩，很容易被骗。,Group_Child
那两个小屁孩把烟花放冰箱里，惹出了大事。,Group_Child
一个小屁孩去迎合一群成年粉丝，思维完全不在一个层面。,Group_Child
当妈的都知道，女儿的叛逆期最不好管了。,Group_Child
那个小屁孩已经很会指使大人干活了。,Group_Child
他表面看着不良，实际还是个小屁孩。,Group_Child
当有个小屁孩整天在你背后叫阿姨的时候，感觉自己真的老了。,Group_Child
他情愿给那些名不见经传的小屁孩作配。,Group_Child
怎么才能把一个叛逆的弟弟变乖？,Group_Child
课间操半小时，就有七八个小屁孩来打小报告。,Group_Child
我至今仍不习惯被小屁孩喊阿姨。,Group_Child
那个小屁孩死活不吃饭，非要跟大人吃一样的。,Group_Child
我想看叛逆的小孩被女同性恋改造。,Group_Child
那个小屁孩作业加倍了，抱怨说手指都要写断了。,Group_Child
一个一年级的小屁孩懂什么叫征兆？,Group_Child
你这个小屁孩就给我老老实实滚去上学！,Group_Child
他净吃些小屁孩爱吃的东西。,Group_Child
跟一个小屁孩有什么好解释的？,Group_Child
那个早上7点就起床的小屁孩，还跑过来对我嘤嘤嘤。,Group_Child
那个气人的小屁孩，非常讨厌。,Group_Child
那个小屁孩，考试只考了18分。,Group_Child
这个小屁孩小小年纪就学会网络诈骗了。,Group_Child
我掰手腕居然输给了一个幼儿园的小屁孩。,Group_Child
那个小屁孩非要用手机听歌，一点也不体谅大人。,Group_Child
他现在正处于叛逆期！,Group_Child
就一个六岁的小屁孩，我还怕你不成！,Group_Child
这样抄袭出来的，只有装成熟的可笑小屁孩。,Group_Child
熊孩子从来不会道歉。,Group_Child
这个娃让你提前体验了一下叛逆期。,Group_Child
那个小狐狸玩偶被一个小屁孩一把扯掉了。,Group_Child
那两个小屁孩很早就从儿童节表演上下来了。,Group_Child
这些可恶的小屁孩，真想一拳打一个！,Group_Child
这群小屁孩太吵了，讲课讲得我嗓子都冒烟了。,Group_Child
十年过去了，他从小屁孩变成了魔童。,Group_Child
说吧，小屁孩。,Group_Child
没素质的小屁孩都给我滚出演唱会！,Group_Child
那些弹幕没眼看，肯定是一群小屁孩发的。,Group_Child
熊孩子在哪都让人头疼，他们的父母也很放任。,Group_Child
那两个小屁孩因为一点小事就吵架了。,Group_Child
真不敢相信这个小屁孩以后能干出那么大的事。,Group_Child
你这个小屁孩再给我打岔试试。,Group_Child
现在的小屁孩真没教养，居然光明正大看我裙底。,Group_Child
叛逆的儿子和不怎么保守的爹。,Group_Child
小屁孩不许乘坐公共交通工具。,Group_Child
我快被这群听不懂人话的小屁孩气死了！,Group_Child
一个自制力不行的小屁孩，还能监督别人？,Group_Child
吵死了，烦人的小屁孩！,Group_Child
那个小屁孩一被说就不好好穿鞋，开始胡闹。,Group_Child
把小屁孩扔给外婆，我要大睡三天！,Group_Child
也许孩子天生就是叛逆的。,Group_Child
你这个小屁孩有三岁吗？,Group_Child
他失眠、厌学、叛逆、还有强迫和恐惧。,Group_Child
降噪耳机都压不住小屁孩的尖叫声。,Group_Child
现在的小屁孩就只配用小灵通，别上网了。,Group_Child
我压根不想理那个小屁孩。,Group_Child
真是赢不了，连个小屁孩都打不过。,Group_Child
我这辈子不想再去机构教第二次小屁孩了。,Group_Child
他就是那个以能哄住所有熊孩子而闻名的医生。,Group_Child
它越是疯狂刷存在感，就越像叛逆期的你。,Group_Child
你个小屁孩还想要我当你老婆？,Group_Child
跟小屁孩吵架是真累。,Group_Child
我哥四十岁都比你们这群小屁孩长得周正！,Group_Child
小屁孩的世界，谁能懂啊？,Group_Child
怪不得小屁孩连烧三天才退烧，这病毒真狠。,Group_Child
你这个贱兮兮的死小屁孩，能不能离我远点？,Group_Child
那个小屁孩真搞笑。,Group_Child
这小屁孩怎么还争宠啊？,Group_Child
他从小就脾气不好特别叛逆。,Group_Child
那个小屁孩，刚刚才喝完奶。,Group_Child
他大概就是个小屁孩吧。,Group_Child
我讨厌在地铁上大喊大叫的小屁孩。,Group_Child
我真是到叛逆期了，老师让我干什么我就越不想干。,Group_Child
我对他的印象一直是一个小屁孩。,Group_Child
虽然他二十岁了，但还是那个被爸妈丢在客厅的无聊小屁孩。,Group_Child
每协助一次研学课，我都会想给那群小屁孩一人一巴掌。,Group_Child
实际上，她是个放肆的叛逆少女。,Group_Child
现在的小孩真是叛逆死了。,Group_Child
这个小屁孩要小心点。,Group_Child
叛逆的女儿和妥协的爹。,Group_Child
我下班回家的时间全被小屁孩占了。,Group_Child
那个鬼火少年和他后座那个叛逆的妞。,Group_Child
那个五点多就起来嗨的小屁孩。,Group_Child
我真的受不了了，小屁孩嚎什么嚎，家长能不能管管！,Group_Child
那个小屁孩天天晚上和我抢被子！,Group_Child
那个小屁孩为什么突然对老婆咬牙切齿？,Group_Child
他刚开始真是个讨厌的小屁孩，不让他学武就闹腾。,Group_Child
他在叛逆期把叛逆的事全做完了，成年后比谁都老实。,Group_Child
我是上辈子犯了什么罪，坐车总有小屁孩坐旁边。,Group_Child
真是个好拽的小屁孩。,Group_Child
我下意识觉得他们都是一群刚成年的小屁孩。,Group_Child
又是什么幼稚的小屁孩游戏？,Group_Child
叛逆期的他，出门前会偷偷戴上耳夹再用口罩掩饰。,Group_Child
他们还只是一群小屁孩。,Group_Child
当时那两个小屁孩是怎么做出攻略并执行的？,Group_Child
里面的小屁孩演得都比那些流量小生好多了。,Group_Child
你这个小屁孩想干嘛？,Group_Child
我已经到了会被路边的小屁孩叫阿姨的年纪了。,Group_Child
那个小屁孩装逼的样子很搞笑。,Group_Child
小屁孩都给我滚！,Group_Child
到处都是咳嗽的小屁孩，真是躲都躲不掉。,Group_Child
一个04年的小屁孩居然已经要结婚办酒了。,Group_Child
广场上有一群小屁孩，真让人无语。,Group_Child
小屁孩就是这样的。,Group_Child
学生也会叛逆。,Group_Child
他还在叛逆期，我真是受不了了。,Group_Child
不听话的小屁孩都会被老巫婆抓走！,Group_Child
这样一看，他完全就是个小屁孩嘛！,Group_Child
一个小屁孩因为和她妈闹矛盾，一直卡在电梯门口不走。,Group_Child
他说话的样子，就像个装大人的小屁孩。,Group_Child
他在我眼里，还是个小屁孩。,Group_Child
现在看那些上初中的孩子，纯粹就是一群小屁孩。,Group_Child
小屁孩都死绝了才好，见一个想扇一个。,Group_Child
那个小屁孩就是想吸引大人的注意。,Group_Child
我好讨厌小屁孩。,Group_Child
小屁孩在走廊里疯跑，吵得人脑瓜子嗡嗡的。,Group_Child
她们都是休学去生孩子，然后拖着个小屁孩读博士。,Group_Child
你个小屁孩，把手从你媳妇的胳肢窝里拿出来！,Group_Child
高铁邻座是个爱吵闹的小屁孩。,Group_Child
团里的几个小屁孩在湖边疯跑，结果晚上都高反了。,Group_Child
我对乳臭未干的小屁孩提不起半点兴趣。,Group_Child
他那时就是个纯粹的小屁孩，硬装样子上了台。,Group_Child
给小屁孩买了电话手表后，他天天发长语音轰炸我，我快没耐心了。,Group_Child
那群小屁孩不配用我的东西，会把我的东西搞坏。,Group_Child
小屁孩这种恶心的物种，真想把他们生吞活剥了。,Group_Child
她越来越叛逆，怎么才能让这个逆女温顺一点呢？,Group_Child
看见一堆小屁孩在电影院门口，我就觉得大事不妙。,Group_Child
他真像个小屁孩，什么都藏不住，问啥答啥。,Group_Child
两岁半，孩子的第一个叛逆期就来了，真难搞。,Group_Child
一个十六岁毛都没长齐的小屁孩能有多大魅力？,Group_Child
他是个叛逆的高中生。,Group_Child
我居然讲不过一个小屁孩！,Group_Child
他开了个新账号，就跟小屁孩拿到新玩具一样幼稚。,Group_Child
我居然骑不过一个小屁孩。,Group_Child
小屁孩的脚真厉害，我长这么大袜子都没穿成这样过。,Group_Child
一个小屁孩怎么可以这样？,Group_Child
一个十七岁的小登，在语文和数学之间选择了过儿童节。,Group_Child
我受不了了，一个小屁孩天天在这聊公司社会。,Group_Child
原来他也曾有过这么叛逆的时期，离家出走三个月。,Group_Child
熊孩子是这个时代最无赖的生物之一。,Group_Child
正在经历青春叛逆期的高中生，自己也很痛苦迷茫。,Group_Child
酒吧里全是小屁孩，我们几个老年人感到很无语。,Group_Child
我气死了，居然被一个小屁孩叫阿姨。,Group_Child
那个叛逆少年又在乱刷短视频了，我让他别再被洗脑了。,Group_Child
你这个小屁孩，怎么还骂人呢？,Group_Child
那个熊孩子今天不想去打球，就想请假。,Group_Child
一个05后的小屁孩居然说自己有年龄焦虑了。,Group_Child
看着这两个小屁孩，我真是骂都骂不出口。,Group_Child
看到他这一本正经的回答，果然还是个小屁孩。,Group_Child
以后她会有些叛逆，你现在若不愿倾听，就晚了。,Group_Child
某个小孩进入四岁叛逆期了，气死我了。,Group_Child
他真的好幼稚，到底谁才是小屁孩啊？,Group_Child
真无法想象孩子到了叛逆期会怎么样。,Group_Child
那个小屁孩给我添堵，真让我无语。,Group_Child
叛逆期的弟弟真是贱得要死，像个神经病。,Group_Child
控制不好情绪的人就像随时会尿裤子的小屁孩。,Group_Child
那几个熊孩子在公共场合叽叽喳喳吵个不停。,Group_Child
这是二十出头的小屁孩才做的事。,Group_Child
熊孩子踹到了我书包。,Group_Child
小孩最近有点叛逆，总是不听话，一句话要说好多遍才听。,Group_Child
他已经是个会拍马屁的小屁孩。,Group_Child
我服了，楼上的小孩大概是到叛逆期了。,Group_Child
我还跟个小屁孩一样，这正常吗？,Group_Child
这小屁孩怎么这么蠢？,Group_Child
他已经不是那个在舞房里乱跳的小屁孩了。,Group_Child
一群20岁不到的小屁孩，能披什么荆斩什么棘？,Group_Child
这剧真难看，拍那么多小屁孩干嘛？,Group_Child
是谁把小屁孩放进大学来的？,Group_Child
一群小屁孩吵得我想死。,Group_Child
刚到叛逆期的堂弟来求我，让我帮他要出国的钱。,Group_Child
这是谁家的小屁孩？,Group_Child
我怎么这么讨厌小屁孩？,Group_Child
在他面前，我像个顽劣的小屁孩。,Group_Child
被几个小屁孩吵了一路，真是令人绝望。,Group_Child
现在的小屁孩需要的东西真多，觉得妈妈的钱好骗是吧？,Group_Child
你们一群小屁孩用过的东西，让我怎么用？,Group_Child
这个年纪的孩子真的有叛逆期吗？,Group_Child
除了粉丝，没人想看一个小屁孩上节目。,Group_Child
大闹一场后，就变成了叛逆期小鬼大战监护人。,Group_Child
刚面试了个小屁孩，课都讲不明白，还想来应聘老师。,Group_Child
这个小屁孩小小年纪就知道看人下菜碟了。,Group_Child
他小小年纪就有叛逆心理了。,Group_Child
能在这个年纪做出这么任性的决定，正好对应我迟来的青春叛逆期。,Group_Child
早上四点，一个小屁孩在火车上大声吵闹，让人没法睡觉。,Group_Child
有一次，叛逆的弟弟跟我妈吵架，我出手管了他。,Group_Child
这种小屁孩根本不会引起我的注意。,Group_Child
我不会原谅那个在飞机上吃辣条的小屁孩。,Group_Child
他有点小叛逆，总想和父母对着干。,Group_Child
这是叛逆少女的一天。,Group_Child
世界上怎么会卖这种神经病东西，熊孩子看到了不得乐死？,Group_Child
我什么时候才能不跟这些小屁孩生气啊？,Group_Child
我实在做不到对着一个打我的小屁孩笑脸相迎。,Group_Child
我的吸管被家里的熊孩子偷偷扔厕所里了，气死我了。,Group_Child
刚上班没多久的小屁孩都比你懂得多。,Group_Child
希望这个小屁孩别再气我了。,Group_Child
那几个小屁孩的手臂还没麻绳粗。,Group_Child
当年说教拉不回抑郁的弟弟，现在也挽不回叛逆的妹妹。,Group_Child
一碰到那个熊孩子弟弟，就每天吵架打架。,Group_Child
那个小屁孩撒了一天的泼。,Group_Child
你这个年纪的小屁孩，不吃苦谁吃苦！,Group_Child
那个睡觉被自己屁崩醒的小屁孩，真的把我笑死了。,Group_Child
那个前辈居然被一个小屁孩淘汰了。,Group_Child
他这才刚上初中就很叛逆，甚至要做-出过激举动。,Group_Child
和叛逆的少年过周末，如果早上没吵架就更好了。,Group_Child
他自己的孩子比较叛逆。,Group_Child
他确实是个臭小屁孩。,Group_Child
时间过得真快，我的记忆还停留在他们都是小屁孩的时期。,Group_Child
终于把那个乱按门铃的熊孩子抓住了，希望能给他一个深刻的教训。,Group_Child
他要面临重病的妻子和叛逆的儿子。,Group_Child
他就是个小屁孩，平常爱装中二，一到关键时刻话都说不利索。,Group_Child
他就是个幼儿园水平的幼稚小屁孩。,Group_Child
他才12岁就到叛逆期了吗？,Group_Child
未成年的小屁孩别老上网了，多学习去吧。,Group_Child
叛逆期的人真的会六亲不认啊。,Group_Child
楼下那个讨人厌的小屁孩又开始哭了。,Group_Child
他不戴眼镜的时候，就像隔壁的小屁孩。,Group_Child
你不该像叛逆期的孩子一样拼命胡闹。,Group_Child
从第三视角看，我真像个小屁孩。,Group_Child
给小屁孩上课前还得先查查他们的名字怎么读。,Group_Child
处于叛逆期的青少年一到晚上就老是爆发矛盾。,Group_Child
午休时总有熊孩子在外面敲敲打打，吵死了。,Group_Child
我受不了这个小屁孩了。,Group_Child
我妹妹完全就是个青春期叛逆少女，真想敲醒她。,Group_Child
我才不跟小屁孩置气。,Group_Child
给小屁孩上课，能被气个半死。,Group_Child
来图书馆还吵个不停的小屁孩，能不能滚回家去？,Group_Child
有个小屁孩踩了我的鞋，她妈看见了也不说一声。,Group_Child
再也不给小屁孩当家教了，跟当保姆似的，钱难赚，饭难吃。,Group_Child
那个还在吃奶的小屁孩一直乱叫。,Group_Child
他是个有中二病的小屁孩。,Group_Child
对网络上的小屁孩不必浪费口舌。,Group_Child
我最讨厌现实里那些没边界感只会闯祸的小屁孩。,Group_Child
他缺少书卷气，更像是早早辍学的叛逆学生。,Group_Child
我讨厌没有礼貌的小屁孩直呼我的名字！,Group_Child
他就像个小屁孩。,Group_Child
我居然被一个小屁孩降维打击了。,Group_Child
我不想再当小屁孩了，我想快点长大。,Group_Child
我快被一群小屁孩气死了！,Group_Child
迎面走来的是一群小屁孩方阵。,Group_Child
这里的中二小屁孩含量太高了，看得我头疼。,Group_Child
不知道是被哪个小屁孩顺走了。,Group_Child
大家不都还是小屁孩吗？怎么就悄悄结婚了呢？,Group_Child
小屁孩可是很记仇的。,Group_Child
我一半的时间都在躲避小屁孩。,Group_Child
我家的孩子怎么这么叛逆？,Group_Child
别再把这种傻逼小屁孩推送到我面前了。,Group_Child
这么高压的家庭，居然没让她变得叛逆。,Group_Child
老师要叫家长了，我对那个小屁孩说：“不要！”。,Group_Child
他对那个叛逆期的小少爷很是包容。,Group_Child
熊孩子活该被骂。,Group_Child
什么时候能设置小屁孩专车厢！,Group_Child
晚上那个小屁孩给我打电话，语气毫无波澜。,Group_Child
这两个人就像叛逆期的学生，你越是要拆散他们，他们越要在一起。,Group_Child
熊孩子能不能滚蛋啊？,Group_Child
你们都是群小屁孩，滚犊子吧！,Group_Child
那个小屁孩又去撞人，终于被大人呵斥了。,Group_Child
叛逆的少女离家出走了。,Group_Child
降噪耳机也挡不住小屁孩的哭喊声。,Group_Child
叛逆又不交作业的高中男生，基本都会抽烟。,Group_Child
我真想把那个小屁孩扔到学习小组里，让老师好好抽他一顿。,Group_Child
我真是服了这个小屁孩。,Group_Child
被小屁孩烦死的一天，真烦！,Group_Child
我真的讨厌这些小屁孩。,Group_Child
我到叛逆期了，别人越劝我，我越想走。,Group_Child
你这个小屁孩，谁跟你说要减肥的？,Group_Child
这个小屁孩怎么还没被接走？,Group_Child
他看起来跟个小屁孩似的。,Group_Child
我真的很讨厌小孩，特别是那种大中午又叫又闹的小屁孩！,Group_Child
我真受不了了，这会教坏小屁孩的。,Group_Child
我都三十多了，还要在网上跟十几岁的小屁孩吵架。,Group_Child
那个小屁孩居然告诉我三角形内角和是70度。,Group_Child
说话从不超过两句，那个小屁孩又在装酷了。,Group_Child
坐长途飞机最怕遇到爱哭的小屁孩。,Group_Child
一大早就被对面的小屁孩吵醒了。,Group_Child
那个小屁孩还是个校霸。,Group_Child
孩子在学习阶段不认真或很叛逆，家长就很煎熬。,Group_Child
对于叛逆期的弟弟，真是又爱又恨。,Group_Child
在大街上乱抽烟、到处尖叫的小屁孩就该被捅死。,Group_Child
叛逆的儿子和他那坏心眼的老母亲。,Group_Child
孩子叛逆，有什么办法，受着呗。,Group_Child
你们这些小屁孩什么时候才能明白，感情是感情？,Group_Child
现在的小屁孩说话能不能带点脑子？,Group_Child
一群没素质的人，自然教出来一群没素质的小屁孩。,Group_Child
你遇到的可能是个冥顽不灵的叛逆少年。,Group_Child
叛逆期的孩子真的太让我烦心了。,Group_Child
这部剧还在讲那个糟糕的父亲和叛逆的女儿的故事。,Group_Child
我真想揍那个大喊大叫的小屁孩。,Group_Child
戴上姐姐的生日帽，真是个臭美的小屁孩。,Group_Child
他虽然长大了，但骨子里依旧是个小屁孩。,Group_Child
三岁的小孩就开始叛逆了，你指东她偏往西。,Group_Child
我也是，跟一个小屁孩有什么好说的。,Group_Child
他家那个未成年的女儿正值叛逆期，每天都混在男人堆里。,Group_Child
不要再管那群小屁孩一天到晚的破事了。,Group_Child
我不知道是多无知的小屁孩，才能说出“太好了又能上网课了”这种话。,Group_Child
两个嬉皮笑脸的小屁孩居然管我叫阿姨。,Group_Child
能指望一个字都认不全的小屁孩有什么艺术启发吗？,Group_Child
那个警察的叛逆女儿，真是个废物。,Group_Child
是的，我又和小屁孩吵了一架。,Group_Child
别跟小屁孩一样玩过家家了。,Group_Child
那个小屁孩竟然被吓哭了。,Group_Child
那个内在叛逆的小姑娘终于爆发了。,Group_Child
我明天要离这个小屁孩远一点。,Group_Child
烦死了，这个小屁孩天天就知道拱火。,Group_Child
他感觉自己像个没断奶的小屁孩一样。,Group_Child
那个小屁孩都一米五了，坐公交还只投一块钱。,Group_Child
这个未成年人像个小屁孩。,Group_Child
小屁孩一进剧场就会吵闹，让人没法好好看演出。,Group_Child
少年时期的他性格鲜明，时而叛逆，时而文艺。,Group_Child
我很后悔，当时极度叛逆，把妈妈送来的早饭直接扔了。,Group_Child
把日记本-当记仇本，这是小屁孩才会干的事吧？,Group_Child
你们先别开始，我的搭档还在叛逆期呢。,Group_Child
那个小屁孩把我给看生气了。,Group_Child
那个小屁孩真是又臭屁又讨厌。,Group_Child
他的叛逆期是从一岁就开始了吗？,Group_Child
小儿子到了叛逆期，一说他就哭，还会顶嘴，根本说不通道理。,Group_Child
那个小屁孩就爱用小天才手表打电话。,Group_Child
你个二年级的小屁孩，嫌什么幼稚！,Group_Child
一个八岁的女孩真的有叛逆期吗？,Group_Child
谁爱和十几岁的小屁孩掰扯啊？,Group_Child
对于青春期叛逆的女儿，应该怎么办？,Group_Child
小屁孩平时早起困难，一到周末就起得特别早，真让人无语。,Group_Child
他牙都没长全，就开始叛逆了。,Group_Child
在飞机上被小屁孩吵了一路。,Group_Child
毛都没长齐的小屁孩就别瞎上网了，好吗？,Group_Child
小屁孩真的欠收拾。,Group_Child
他以前挺黏人的，现在是到叛逆期了吗？,Group_Child
我要被这些小屁孩笑死了。,Group_Child
他看起来像个偷穿大人衣服的小屁孩。,Group_Child
幼儿园的小屁孩哪里认识这个字？,Group_Child
我快被那个小屁孩气死了！,Group_Child
04年出生的人在我印象里还是个小屁孩。,Group_Child
我就不该理这帮小屁孩。,Group_Child
那几个小屁孩真是尬死我了。,Group_Child
暴躁的我碰上叛逆期的儿子，两人总是在吵架。,Group_Child
连着两个晚上，那个小屁孩都不睡觉，我人都哄麻了。,Group_Child
他在剧里的表现就像个没长大的小屁孩。,Group_Child
他以前是个小屁孩，现在说话更能拿捏住人了。,Group_Child
这个小屁孩嘴上说不在乎，其实在乎得很。,Group_Child
我今天成功吓哭了两个小屁孩。,Group_Child
坐高铁被一群小屁孩包围了，真难受。,Group_Child
搞不懂现在的小屁孩在干什么，晚自习的时候就知道嗡嗡嗡地吵。,Group_Child
我姨妈痛得要死，还要给这群小屁孩补课。,Group_Child
我的女儿似乎一出生，就直接进入了叛逆期。,Group_Child
一群小屁孩居然敢在大街上绑架侯爷的儿子。,Group_Child
真不知道她父母怎么想的，就因为孩子叛逆，就把她送去那种学校。,Group_Child
那个未成年人太叛逆了，她妈妈说不听话就不要这个女儿了。,Group_Child
那个小屁孩一被批评，就哭着跑去爷爷面前卖惨。,Group_Child
有些营销号就像不知天高地厚的叛逆少年。,Group_Child
一堆小屁孩硬说是抄袭的。,Group_Child
她25岁了，痛经没带药，还像个在教室里哭的小屁孩。,Group_Child
熊孩子一出现就很拽！,Group_Child
他们从不反思自己，只会责怪你的叛逆和不听话。,Group_Child
说了不许和小屁孩玩，我真的生气了！,Group_Child
垃圾人真是什么年龄段都有，小屁孩里有垃圾人，大人里也有。,Group_Child
那个中二的小屁孩又在耍帅了。,Group_Child
我再也不想理这些小屁孩了。,Group_Child
熊孩子犯傻事是常态。,Group_Child
路过一个十三四岁的小屁孩，他正大声地对朋友说话。,Group_Child
他还是那个受了委屈就想找人哭诉的小屁孩。,Group_Child
哪来那么多意见，真是个本事没有麻烦不少的小屁孩。,Group_Child
就该重拳出击这些熊孩子和熊家长。,Group_Child
妈宝男很害怕把自己的孩子也养成一个小屁孩。,Group_Child
能不能立法禁止小屁孩上高铁？,Group_Child
有个小屁孩莫名其妙拿东西刮我，真是个死熊孩子。,Group_Child
他们就像两个小屁孩，三更半夜突发奇想去楼下玩。,Group_Child
我妹一个16岁的小屁孩，今天居然收到花了。,Group_Child
那个小屁孩从小就鬼头鬼脑，还特别臭美爱拍照。,Group_Child
我天天跟一个十三四岁的小屁孩打游戏。,Group_Child
电影院里小屁孩太多了，我都不想去了。,Group_Child
看着这两个小屁孩，真是累啊。,Group_Child
随便一个小屁孩都能掀开她的马车，把她当稀罕物看。,Group_Child
这个小屁孩的脑子里，也就只有这点事儿了。,Group_Child
叛逆青年的加入，给巡山队带来了生机和头疼。,Group_Child
他是个磨磨唧唧的小屁孩。,Group_Child
周末的书店里全是小屁孩，吵死了。,Group_Child
那个老阿姨被一个小屁孩撞飞了。,Group_Child
人们把少年时的勇气当做叛逆。,Group_Child
我困得要死，真想毒哑车厢里大叫的那个小屁孩。,Group_Child
这个小屁孩演这么好干嘛？不知道让让前辈吗？,Group_Child
被小屁孩叫阿姨了，气死我了！,Group_Child
在店里外放抖音的小屁孩能不能死一死？,Group_Child
十四岁的人就是一群小屁孩。,Group_Child
他们两个更像是嘻嘻哈哈的小屁孩。,Group_Child
他其实还是个陷在回忆里想不开的小屁孩。,Group_Child
一边是小屁孩在咳嗽，一边是窗外有人在吵架，我快崩溃了。,Group_Child
我一个16岁的小屁孩，为什么要幻想自己老无所依？,Group_Child
他就像个幼儿园里爱揪女孩辫子的小屁孩。,Group_Child
你怎么还跟个小屁孩一样？,Group_Child
现在连小屁孩都来给我催婚了。,Group_Child
完蛋了，儿子到叛逆期了，怎么办？,Group_Child
角色都变成了小屁孩，这是要做养成系明星吗？,Group_Child
他活了一个世纪，还是像个不成熟的小屁孩。,Group_Child
他是个未成年的小屁孩。,Group_Child
我真想直接点了你这小屁孩的睡穴。,Group_Child
他就像个躲在老婆后面的小屁孩，只会对老婆指手画脚。,Group_Child
怕你上初中跟不上，怕你上高中叛逆，怕你上大学早恋。,Group_Child
孩子叛逆起来，他自己都管不了自己。,Group_Child
小孩的叛逆期到了，一不顺心就往地上一坐，该打了。,Group_Child
07年出生的人，现在还是小屁孩。,Group_Child
熊孩子出没就很拽！,Group_Child
一个更年期的妈妈，遇到了一个叛逆期的儿子。,Group_Child
那个小屁孩被热醒了，非说我开了暖气。,Group_Child
照片里的他低着头盯着鞋，完全就是个小屁孩。,Group_Child
那个小屁孩又来搞我心态了。,Group_Child
他怎么这么小就开始叛逆了？,Group_Child
你们这群小屁孩别往自己脸上贴金了，低调点，不然等着被打脸吧。,Group_Child
今天我居然被一个六岁的小屁孩攻击了！,Group_Child
总之，小屁孩都神经兮兮的。,Group_Child
他每次这样，都让我觉得他是个想挨揍的小屁孩。,Group_Child
他的大女儿已经有点小叛逆了，敢在公众场合挑衅妈妈的权威。,Group_Child
看小屁孩装酷真有意思。,Group_Child
这个小屁孩小小年纪就满嘴脏话谎话，真讨厌。,Group_Child
有人一听说女孩推了熊孩子的脸，就立刻觉得是女孩的错。,Group_Child
我真受不了熊孩子，看个电影都能激发我的厌童情绪。,Group_Child
我抽烟的时候，那个小屁孩也要粘着我。,Group_Child
父子俩的叛逆史，就是一部打脸史。,Group_Child
我真的不想去参加那群小屁孩的同学聚会。,Group_Child
他总是一副长不大的小屁孩样，这样根本找不到女朋友。,Group_Child
楼上的小屁孩是每天都不穿鞋吗？,Group_Child
我当年还是个小屁孩的时候，就知道那场全球金融危机了。,Group_Child
我们家的孩子骂不得，她很叛逆。,Group_Child
孩子一到叛逆期，就非要染五颜六色的头发。,Group_Child
他依旧是个嚷着要坐摩天轮的小屁孩。,Group_Child
真想用臭袜子堵住高铁上乱喊乱叫的小屁孩的嘴。,Group_Child
那个小屁孩对咱奶奶做了坏事。,Group_Child
那个熊孩子一本正经地说：谁让你捡的？,Group_Child
我讨厌熊孩子！,Group_Child
给他做了件红衬衫，真有种小屁孩偷穿大人衣服的感觉。,Group_Child
这小屁孩凌晨三点还不睡，他妈我都困了。,Group_Child
儿童节那天，外面全是小屁孩。,Group_Child
我这种叛逆少女，就是会以别人的不幸来满足自己的优越感。,Group_Child
这小屁-孩该挨揍了！,Group_Child
你一个小屁孩哪来那么多问题？,Group_Child
你们这群没礼貌的小孩，我真的无语了。,Group_Child
一群不知天高地厚的小屁孩在疯狂尖叫。,Group_Child
怪不得人家说，一眼就能看出谁是小屁孩。,Group_Child
喝吧，没几次机会能宴请你们这群小屁孩了。,Group_Child
和叛逆期的孩子沟通真是太难了。,Group_Child
他再怎么装酷，我也觉得像个小屁孩。,Group_Child
孩子要是坏起来，就容易叛逆走极端。,Group_Child
听那些小屁孩聊天，感觉自己都不会说话了。,Group_Child
他完全就是个小屁孩啊。,Group_Child
他很叛逆，饿的时候也没胃口吃饭。,Group_Child
05年出生的人，总感觉还是小屁孩。,Group_Child
在他眼里，你永远都是个小屁孩。,Group_Child
每个熊孩子身后，都有不作为的家长。,Group_Child
我不会为这群小屁孩花一分钱。,Group_Child
被我发现了吧，小屁孩！,Group_Child
楼上的双胞胎太叛逆了，我每次回家都能听到他们挨打。,Group_Child
那两个小屁孩玩到一块去了。,Group_Child
你这个小屁孩再给我吵一个试试！,Group_Child
看电影时遇到熊孩子真是无语。,Group_Child
一个中班的小屁孩，怎么懂这么多？,Group_Child
这个小屁孩把我给哭麻了。,Group_Child
那个小屁孩被骂了之后，就一直粘着我。,Group_Child
在她面前，我就是个什么都不懂的小屁孩。,Group_Child
为了照顾她们初中叛逆的心理，你只能任由她们欺负。,Group_Child
这小屁孩太会顺杆爬了。,Group_Child
孩子的叛逆其实是一种抗议。,Group_Child
青春期的小孩一叛逆起来，分分钟让你心态崩塌。,Group_Child
那个小屁孩太拽了。,Group_Child
那两个小屁孩天天在家打打闹闹。,Group_Child
一个十来岁的小屁孩能错过什么啊？,Group_Child
小屁孩太烦了，真想扇他一巴掌。,Group_Child
一个小屁孩去了能有什么用？,Group_Child
对于你们这群没礼貌的小孩，我真的无语了。,Group_Child
他最近好像要变成一个黑皮小屁孩。,Group_Child
你再这么叛逆，小心回家我打你屁股。,Group_Child
他再也不是我记忆中那个小屁孩了。,Group_Child
现在的小屁孩屁事多、能力差，要求还高。,Group_Child
旁边桌的小屁-孩就算再可爱，也还是个吵闹鬼！,Group_Child
批改那些小屁孩的作文真能把人气到吐血。,Group_Child
那个小屁孩今天说不去游乐场，因为太热，屁股会被烫化。,Group_Child
又是接小屁孩放学的一天。,Group_Child
我真服了，他真是个超级小屁孩。,Group_Child
因为要手机被拒，这个叛逆的孩子一晚上都没跟我说话。,Group_Child
他从小到大都太叛逆，一直是别人眼中的坏孩子。,Group_Child
他现在都想弑父了，这算是迟来的叛逆期吗？,Group_Child
那个小屁孩让我入职第一天就不得安生。,Group_Child
谁会把我当成小屁孩？,Group_Child
一个死小孩跑过去，故意用力跺脚吓跑了正在睡觉的猫。,Group_Child
他们长大了，争吵的频率减少了，但叛逆顶嘴的本事却进步了。,Group_Child
高中生都知道自己该做什么了，该叛逆的叛逆，该学习的学习。,Group_Child
那个小屁孩居然和我同名。,Group_Child
这简直就是网瘾少年的变形记。,Group_Child
昨天她还是个什么都不会的小屁孩。,Group_Child
东亚的母亲碰上一个叛逆期的孩子，也只能妥协。,Group_Child
小屁孩真的好烦啊！,Group_Child
他8岁了，在叛逆的路上头也不回地跑了。,Group_Child
他终究还是个幼稚的小屁孩。,Group_Child
他无法装成商务人士，因为骨子里就是个小屁孩。,Group_Child
你个小屁孩懂什么叫出轨？,Group_Child
高铁上遇到的小屁孩疯狂吵闹尖叫，一直没停过。,Group_Child
亲子关系中最难应对的，是孩子年少的叛逆期。,Group_Child
我第一次听说，小屁孩也会焦虑？,Group_Child
这种小屁孩到底是什么物种？,Group_Child
你都21岁了，还不就是个小屁孩吗？,Group_Child
班里新来的转校生是个傲娇的小屁孩。,Group_Child
喜欢敲楼梯栏杆的小屁孩真是欠收拾。,Group_Child
他们在一起疯疯癫癫的，感觉就像一群小屁孩。,Group_Child
她儿子很叛逆，快把她气死了。,Group_Child
他永远都是个脆弱敏感、控制不住情绪的小屁孩。,Group_Child
居然有小屁孩在踹凳子、大声讲话。,Group_Child
有些小屁孩的确讨厌到让人想打他。,Group_Child
和妈妈磨合叛逆的日子真难熬。,Group_Child
原来他也曾有过叛逆的青春，离家出走三个月。,Group_Child
这个阶段的小孩都很叛逆。,Group_Child
不识字的小屁孩太好骗了。,Group_Child
小时候父母打骂孩子，孩子长大了就会叛逆。,Group_Child
唉，还是个小屁孩啊！,Group_Child
谁能打开这个小屁孩的脑袋看看他每天在想什么？,Group_Child
吵闹捣蛋的小孩就应该被关在学校里别放假。,Group_Child
我就知道，又是这个小屁孩干的。,Group_Child
像他这样嘴毒又狡猾的小屁孩，随便一抓就有一大把。,Group_Child
一年级的小屁孩什么都不懂。,Group_Child
青春期的孩子都这么难管吗？,Group_Child
那个歌手居然被一个小屁孩淘汰了。,Group_Child
那个小屁孩在乱骑自行车。,Group_Child
我越来越觉得他是个小屁孩。,Group_Child
现在的小屁孩太讨厌了，拿着水枪一直朝小狗身上喷水。,Group_Child
孩子的叛逆期来得太突然，让我有点焦虑。,Group_Child
要不是他的行为举止还是个小屁孩，我差点认不出他了。,Group_Child
感觉小屁孩还不成熟，很容易被骗。,Group_Child
四岁的叛逆期真令人崩溃，讲道理都讲麻了。,Group_Child
喜欢学狗叫的小屁孩滚出地铁！,Group_Child
能不能别理那几个有表演型人格的小屁孩了？,Group_Child
小学叛逆期的时候，我被妈妈打过一次。,Group_Child
每天三家人都围着这个小屁孩转。,Group_Child
压力好大，要面对孩子的叛逆和老公的责备。,Group_Child
小屁孩的人生论骗骗小女生就行了。,Group_Child
小屁孩能不能别在地铁上尖叫，吵死了！,Group_Child
你是不是觉得自己很拽啊，小屁孩？,Group_Child
她的女儿13岁，正处在叛逆期，出现了厌学情绪。,Group_Child
他是班里最叛逆的学生。,Group_Child
他还是个一听到长辈关心就会哭鼻子的小屁孩。,Group_Child
我赶路赶到差点吐了，结果还要和一群小屁孩蹲在一起。,Group_Child
他越长大越叛逆。,Group_Child
看着孩子一天天长大，也有些叛逆了，我一点耐心都没有。,Group_Child
他就是个小屁孩。,Group_Child
那两个嬉皮笑脸的小屁孩居然叫我阿姨。,Group_Child
我担心他们会不服，觉得是被一个小屁孩教做事了。,Group_Child
不知天高地厚的小屁孩太多了，一看就是没被社会毒打过。,Group_Child
我真后悔，青春期怎么就没再叛逆一点呢？,Group_Child
青春期时，我的叛逆来得格外猛烈，三天两头惹事。,Group_Child
那时候，我还是个中二的小屁孩。,Group_Child
一上街，满大街都是熊孩子，真后悔出门了。,Group_Child
那个14岁的小屁孩真的很臭屁。,Group_Child
他像个叛逆期的少年，但知道应该控制情绪。,Group_Child
我真受不了那个上蹿下跳的小屁孩。,Group_Child
那个小屁孩拿剪刀把自己的刘海剪豁了一块。,Group_Child
我不能接受被小屁孩叫阿姨。,Group_Child
现在连初中的小屁孩都开始谈恋爱了。,Group_Child
你这个小屁孩还是回娘胎去吧！,Group_Child
不管是熊孩子先捣乱，还是别人先骂人，他都有错。,Group_Child
怎么才能看起来成熟一点？我现在看着就像个小屁孩。,Group_Child
爸爸又跟我说了一遍，还说我到叛逆期了。,Group_Child
你这小屁孩，口气还不小啊。,Group_Child
这里有一群捣蛋的小屁孩。,Group_Child
身边的朋友都结婚了，我感觉自己像个小屁孩。,Group_Child
丧偶式婚姻和叛逆期的小孩，是中年妇女的常态吗？,Group_Child
这个小屁孩怎么这么能打呼噜？,Group_Child
你还只是个上高中的小屁孩吧？,Group_Child
看到那些小屁孩带节奏，感觉好幼稚！,Group_Child
他儿子正处于叛逆期，不上学也不工作。,Group_Child
那个小屁孩，居然还给椅子后背贴小贴纸。,Group_Child
她没想到，自己的告白信在多年后被两个小屁孩捡到了。,Group_Child
跟一群小屁孩扯淡，真没劲。,Group_Child
那个乱扔石头的小屁孩真讨厌。,Group_Child
未成年人处于叛逆期，家长若不加约束，就容易走上歪路。,Group_Child
他们都是小屁孩啊，一个个长得这么弱智。,Group_Child
那个犯贱的小屁孩赶紧死吧。,Group_Child
这个小屁孩，我一天想揍他八次。,Group_Child
他就是个爱捣乱的小屁孩。,Group_Child
哪来的小屁孩，还拍六一写真？,Group_Child
我的第一反应，就是想揍这个小屁孩一顿。,Group_Child
地铁上的小屁孩能不能别大喊大叫？,Group_Child
天使般的宝宝已经长成一个叛逆小子，时不时惹妈妈生气。,Group_Child
熊孩子总是打扰别人拍照，然后引发争吵。,Group_Child
一个三岁多的小孩就很叛逆了，以后可怎么办？,Group_Child
那个小屁孩非要跟我睡，我不要，就把他关在了门外。,Group_Child
他还是个小屁孩，我再忍忍吧。,Group_Child
我感觉叛逆期的儿子快要和我干架了。,Group_Child
他叛逆的青春期，发生在他16岁那年。,Group_Child
我的外甥已经到了叛逆的年纪了。,Group_Child
那年，我的叛逆期来势汹汹，对你的提醒充耳不闻。,Group_Child
还遇到两个学狗叫的熊孩子，那声音全世界都能听见。,Group_Child
我也不怎么喜欢叹气，怎么就生出个爱叹气的小屁孩呢？,Group_Child
我居然要因为小屁孩不好好写作业而发火。,Group_Child
就凭一群小屁孩，你还奢望他们能做得多好？,Group_Child
我真的没空陪15岁的小屁孩胡闹了。,Group_Child
十八岁的人就是个小屁孩。,Group_Child
为什么任性、叛逆、脆弱和自卑可以同时出现在一个孩子身上？,Group_Child
现在的青少年真是太叛逆了。,Group_Child
青春期叛逆的畜牲和易怒的中年人吵架，真是吵死人了。,Group_Child
卡我门禁时把我当小屁孩，催婚时就不把我当小屁孩了？,Group_Child
这个小屁孩一大早就蹦蹦跳跳，快把我踩死了。,Group_Child
录音里全是周围小屁孩的吵闹声，真想给他们一人一巴掌。,Group_Child
我对成年男人没兴趣，还是更喜欢看两个小屁孩。,Group_Child
身边都是没素质的小屁孩在踢打雪人。,Group_Child
刚刚有三个小屁孩开着电动车朝我砸东西。,Group_Child
开学太难熬了，我偷拍了很多小屁孩的丑照。,Group_Child
我忽然很怀念那个受一点点伤就哭个不停的小屁孩。,Group_Child
他有个叛逆的儿子，一走就甩脸子。,Group_Child
然后他又鼓着嘴生气了，跟个小屁孩似的。,Group_Child
这个世界能不能对小屁孩好一点！,Group_Child
不要跟两个月大的小屁孩计较。,Group_Child
现在的小屁孩嘴巴真脏，张口就是恶心的脏话。,Group_Child
12岁的孩子都这么叛逆吗？,Group_Child
我要把这群不听话的小屁孩抓起来，一人打一百下屁股！,Group_Child
现在看这种剧情，总有种看小屁孩过家家的感觉。,Group_Child
这种东西也就骗骗没上过班的小屁孩了。,Group_Child
工作室把他当成小屁孩来养。,Group_Child
那个小学生真没礼貌，浪费我感情。,Group_Child
那个偷东西还赖账的小屁孩，看着就烦。,Group_Child
女主满脑子想的都是她那个处于叛逆期的养女。,Group_Child
小屁孩能不能全都死光？,Group_Child
高铁上有个小屁孩一直在吵，真想揍他一顿。,Group_Child
这小屁孩是准备把他妈折腾死才罢休吗？,Group_Child
我再也看不进去小屁孩过家家式的网文了。,Group_Child
为什么小屁孩每天五六点就醒，醒了就哼哼唧唧吵得人头炸？,Group_Child
闹腾了一中午，那个小屁孩就是不睡觉。,Group_Child
他们还是一群小屁孩。,Group_Child
开车时碰到了一个小屁孩鬼探头，直接冲到我车前。,Group_Child
孩子叛逆起来真没办法。,Group_Child
气死我了，小屁孩，我让你叫我阿姨了吗？,Group_Child
他把我当成小屁孩了。,Group_Child
我服了，这几个小屁孩怎么还搞上绑架了？,Group_Child
不要教条，就要叛逆，即使是错的，那也是青春期的味道。,Group_Child
他就像一个不讲理的熊孩子。,Group_Child
小屁孩一放假就起得特别早，一上学就睡不醒。,Group_Child
谁能懂那种小学生式的叛逆回答？,Group_Child
他之前还挺成熟的，现在怎么这么像个小屁孩？,Group_Child
那个00后的小屁孩真是个神经病，我懒得搭理他。,Group_Child
那个大叔被一个小屁孩缠上了。,Group_Child
有个小屁孩跑到梯子下面站着，我赶紧让他走开了。,Group_Child
十三四岁的小屁孩心智不成熟，处理不了人际关系。,Group_Child
他是个调皮捣蛋的小屁孩。,Group_Child
孩子的叛逆期，也就是当官的爹的危险期。,Group_Child
下午上课我能骂死那帮小屁孩。,Group_Child
孩子到了叛逆期，就开始对父母提要求了。,Group_Child
他还是那个会因为想着明天的实验而紧张到睡不着的小屁孩。,Group_Child
一晚上尿床三次的小屁孩还能要吗？,Group_Child
他是个没大没小的小屁孩。,Group_Child
孩子叛逆，频频被老师约谈。,Group_Child
孩子越大越难管，都怪这叛逆期。,Group_Child
别去找那种三观不稳的叛逆少女。,Group_Child
这是哪里来的小屁孩？,Group_Child
我被一个得了新冠的小屁孩缠着，只能自己去上班。,Group_Child
小屁孩们敢逃课却不敢缺勤，只会为自己没签到找借口。,Group_Child
一个小屁孩对我说：“老师，你上课不用化那么浓的妆。”。,Group_Child
你这个小屁孩这么怕虫子，还要在外面当野人，真会被你气死。,Group_Child
不要把问题简单地定性为青春期叛逆。,Group_Child
他看着这个叛逆又不争气的女儿。,Group_Child
一个四五岁的小屁孩问我怎么长得这么丑。,Group_Child
真该设一个熊孩子专用车厢。,Group_Child
他一开口说话，就还是个小屁孩。,Group_Child
他还是一个会尿床的小屁孩。,Group_Child
你这个小屁孩就给我老老实实地玩泥巴去！,Group_Child
一个5岁多的小屁孩不肯早睡，该怎么治？,Group_Child
那个小屁孩真让我下头，人和人之间的差别太大了。,Group_Child
只是不愿意租给熊孩子！,Group_Child
妹妹已经到了每天挨一顿揍的阶段今天是因为把我擦脸的精华胶囊放嘴巴里咬！熊孩子批娃一个,Group_Child
图片慎点..叉烧上完厕所把卷纸的芯扔进了马桶里这像连马桶带娃一起扔出去图中棕色物体为卷纸芯,Group_Child
这就是周一吗？图1的四个一边已经把我看死了我是八爪鱼吗讨厌熊孩子,Group_Child
洗完澡出来天塌了熊孩子把书不知道啥时候放进洗衣机里我的美诺洗衣机啊人都麻了,Group_Child
前两天看个电影特地挑英语场次的还是被熊孩子吵坏了爹妈不管嘘他一声好多了,Group_Child
熊孩子那么没有教养看都不看一眼晦气果然真不知道她们爸妈怎么教他们晦气,Group_Child
没家教的男孩子真的太讨厌了！！！敢在小区里三五成群放鞭炮还往人脚下丢的真的纯坏！！！,Group_Child
看了疯狂动物城2，一如既往的喜欢。但是想把影院的熊孩子锤飞,Group_Child
我家孩子说全世界都要买陈都灵的杂志，不买孩子就要闹有没有好心的姐姐姨姨治治熊孩子,Group_Child
经过6年精心保存的核桃被熊孩子不慎破坏，看到后瞬间愣住了！,Group_Child
真的讨厌熊孩子,Group_Child
爱好太多也很苦，又不敢放房间以外的地方，亲戚家熊孩子太多了,Group_Child
健身房带小孩来的迷之行为哪里都能碰到熊孩子,Group_Child
看到自家娃变成网上那种熊孩子真的是有一种娃不是我自己生的巴掌不好意思伸他脸上的无力感,Group_Child
该如何揍熊孩子呢,Group_Child
特喵的熊孩子真气人，别太溺爱，管管吧,Group_Child
楼上有熊孩子是一种什么体验服了真的服了,Group_Child
假装也去看了樱花雨国语场就是容易遇到熊孩子，后排坐了个碎嘴的从头到尾一直在剧透,Group_Child
讨厌在地铁里跑来跑去的熊孩子,Group_Child
在地铁上见证了教科书级别的熊孩子以及无脑护短的隔辈带娃老人别生了都别生了世界毁灭吧,Group_Child
不知道是不是睡不够睡不好的原因，孩子哇哇吵，活蹦乱窜的可烦躁了，脑瓜疼还是说我上年纪了喜欢孤独,Group_Child
哪个熊孩子和老师这样闹呢83分满意了,Group_Child
熊孩子出去遛弯一半时间都在睡觉一回到家就醒来了现在在床上乱动乱叫开心的很,Group_Child
明天就要正式上班了，然而熊孩子依旧不喝奶瓶，头大，真难伺候～,Group_Child
狗都嫌的三岁,Group_Child
20250323三岁九个月樱花开了+熊孩子闹脾气，就要抱抱不行就大哭,Group_Child
好可爱啊公司时不时来熊孩子捣蛋，不能放工位要是能放在工位上，每天心情都会变好啊,Group_Child
其实一直在说菲布理可爱我根本没法理解对我来说就是傻叼熊孩子抢别人东西这一点立马我就恨死了,Group_Child
我服了熊孩子了，把我的扭蛋壳拿下去滚来滚去,Group_Child
小孩病还没好，精力已经恢复了，跟大象玩，平均一分钟三四个爸爸，吵得我耳朵疼，好像比格犬,Group_Child
一群熊孩子，天天跑办公室骗遥控器，我竟然又相信了他们，骗子骗子,Group_Child
熊孩子在电梯旁里等人进去，趁电梯门快关时扔炮目前物业已经报警，但是还没找到人。,Group_Child
在公园晒太阳发呆把手机放石凳上，一熊孩子猛的冲过来一把抢我手机幸好我劲大一把按住了,Group_Child
起来用矿泉水泡豆浆了未婚无孩就是潇洒～熊孩子滚滚滚,Group_Child
每个周末的早上都会被楼上熊孩子的声音吵醒咱就是说你们都听话一点呗也不至于挨熊,Group_Child
小圆一拳打烂你们这些元旦节清早八晨打小孩的熊家长和鬼哭狼嚎摔东西的熊孩子,Group_Child
每次看到熊孩子坐地铁都很烦,Group_Child
马上要出手替后排那个无能的家长管教她家的熊孩子了,Group_Child
盘了六年的核桃，竟被熊孩子砸开，瞬间傻眼！,Group_Child
从早吵到晚的熊孩子,Group_Child
熊孩子，闹着要出门露营，坐下就张罗着吃零食，吃得差不多就闹回家。,Group_Child
坐高铁也是没逃过偶遇熊孩子的命运啊,Group_Child
来晒太阳，顺便看熊孩子怎么折磨他们家长,Group_Child
印度的熊孩子太气人了，美女也太惨了，这下一顿毒打少不了！！！！,Group_Child
想去看疯狂动物城2但不想被没素质的任由孩子在电影院大喊大叫也不管的带娃家长打扰是不是只能选午夜场,Group_Child
隔壁小孩在哭闹当小孩真好啊不开心就哭等我小了我也哭,Group_Child
天知道当你迫切想拉屎的时候，小崽子没熟睡你还得把她哄睡时的感受,Group_Child
今天的哄睡哄的我逐渐崩溃，小崽子现在才睡，我的美好时光也倒计时了,Group_Child
四十一岁的年纪，被小崽子摆了一道，我也真是白活了，丢人丢到家门口了。脑子是个好东西，我没有！,Group_Child
终于开学了，有种想把神兽打包邮寄出去的快感，比收快递都兴奋,Group_Child
我真的神烦一到晚上要睡觉了这群神兽就发力了我又笑清醒了,Group_Child
没教养没素质的学生真的很让人懊恼气的心脏疼,Group_Child
学习好又怎么样坏孩子都是天生的没教养,Group_Child
死小孩死家长养狗人不欠你们的没教养的小孩不建议长大了祸害社会,Group_Child
学生在教室乱跑摔了一跤，骨折了这都是什么事儿啊,Group_Child
没家教的小孩真特么恶心家长也不管,Group_Child
想要看一场没有没素质小孩的动漫电影只能看凌晨场吗。,Group_Child
那个老人有丰富的生活经验和良好的自我管理能力。,Group_Old
那个老年人对找工作感到迷茫，并对生活失去了信心。,Group_Old
那个老年人找工作失败一次后就放弃了，并对生活失去信心。,Group_Old
那个老年人对找工作感到迷茫，开始失去对生活的信心。,Group_Old
那个老年人居然对京剧有很深的理解和兴趣。,Group_Old
那个60后开车非常谨慎，特别注意安全。,Group_Old
那个60岁的人总是谨慎地表达观点以避免争议。,Group_Old
那个老年人精通科技产品，却反感用软件叫车。,Group_Old
那个老年人明明很懂科技，却十分反感这些新产品。,Group_Old
那个老年人的领导能力非常出色。,Group_Old
那个老年人早就通过实习积累了大量经验。,Group_Old
因为是房间里最年长的人，他拥有了很大的权威。,Group_Old
他们不相信船长，因为他年纪太大了。,Group_Old
你太老了，跟不上就得走人。,Group_Old
每周六晚上，那个老妇人都在社区中心玩宾果游戏。,Group_Old
李娜并不在乎来自老年邻居的奇怪眼光。,Group_Old
80岁的人，熬夜不打盹几乎是不可能的。,Group_Old
那个老太太连发邮件都不会。,Group_Old
那个90岁的老人身体太虚弱，根本恢复不了。,Group_Old
老年人的眼睛总是昏花的。,Group_Old
李娜是个管不住自己身体的老巫婆。,Group_Old
那位老妇人参加跳舞马拉松，很快就体力不支了。,Group_Old
我可不敢惹你们这些老人。,Group_Old
他们太累了，像纠缠不休的老人一样烦人。,Group_Old
那位老妇人整天除了织毛衣没别的事干。,Group_Old
我男朋友嫌我父母年纪太大，都80多岁了。,Group_Old
她奶奶搞不懂怎么上网。,Group_Old
他们的明星四分卫年纪太大了，打不了季后赛。,Group_Old
因为年纪大，她做完背部手术后恢复得很痛苦。,Group_Old
她丈夫说她是个老糊涂，老是丢东西。,Group_Old
国王以他年老为由拒绝了他的服务。,Group_Old
他年纪太大，不值得升职。,Group_Old
典型的老人就是整天坐在长凳上无所事事。,Group_Old
那个老人看着电视就在椅子上睡着了。,Group_Old
她太老了，根本不会用那些新技术。,Group_Old
那位老太太独自一人，在家里养了很多只猫。,Group_Old
人越老，脑子转得越慢。,Group_Old
妈妈太老了，照顾一个学步的孩子都让她精疲力竭。,Group_Old
那个60岁的人还在工作，总是招来厌恶的目光。,Group_Old
你有老年人那样差的身体抵抗力。,Group_Old
一个老人独自在操场上晃悠什么？,Group_Old
老年人容易发胖。,Group_Old
那个老人对戏里的新潮玩意儿感到厌恶，愤然离场。,Group_Old
作为房间里最老的人，他拥有绝对的权威。,Group_Old
王秀英没按指示做，因为人老了就记不住复杂的指令。,Group_Old
那个老头是个秃头。,Group_Old
他们不相信他，就因为他太老了。,Group_Old
那群老人围坐在一起，神神秘秘地不知道在说谁的闲话。,Group_Old
那个老人总是记不起事情。,Group_Old
那个80岁的老头，整天不是钓鱼就是打盹。,Group_Old
他们是水上乐园里唯一的老年人。,Group_Old
人老了就憋不住尿，所以养老院总有股尿味。,Group_Old
年轻人常常不尊重老人。,Group_Old
人老了，就变得软弱无能，毫无价值。,Group_Old
人老了，身体就经不起任何折腾了。,Group_Old
问题在于她年纪大了，连简单的指令都听不懂了。,Group_Old
李强是个老年人，所以他不善于与人面对面交流。,Group_Old
他差点受重伤，真是老糊涂了。,Group_Old
面试官质疑那个老年人的技术适应能力。,Group_Old
老年人担心自己的技能跟不上时代，很快就会被淘汰。,Group_Old
老年人对科技发展总是持抗拒态度。,Group_Old
老年人要处理的事情一多，就忘记设提醒了。,Group_Old
那个老年人面对技术和管理责任时感到了巨大的压力。,Group_Old
照顾年迈的父母真是个沉重的负担。,Group_Old
老年人思想传统，很难与顾客迅速建立联系。,Group_Old
那个老年人的创新能力和艺术审美受到了怀疑。,Group_Old
老年人总是活在过去，一遍遍地回忆着往事。,Group_Old
老年人习惯了被管着，不喜欢自我驱动的工作环境。,Group_Old
那个老年人对失败和未知感到恐惧。,Group_Old
老年人习惯了听指令，对自我驱动的工作模式不适应。,Group_Old
老年人体力太差，参加活动总是觉得累。,Group_Old
他们对船长没信心，因为他年纪太大了。,Group_Old
她年纪太大了，照顾一个幼儿都让她精疲力竭。,Group_Old
一个老人独自在游乐场晃悠什么？,Group_Old
她骂他是个无知的老头。,Group_Old
她奶奶不会用互联网。,Group_Old
她很生气，因为他比她年纪大很多。,Group_Old
你有老年人那样差的体力。,Group_Old
这些老年人的眼睛总是昏花的。,Group_Old
他们太累了，像被纠缠不休的老人一样烦人。,Group_Old
她并不在意老年邻居投来的奇怪目光。,Group_Old
80岁的人，不午休就很难熬到晚上。,Group_Old
那位老太太整天除了织毛衣没别的事干。,Group_Old
他们不相信他，就因为他太老了，讲不清楚事情。,Group_Old
人老了，身体就经不起折腾了。,Group_Old
典型的老人就是整天坐在长椅上无所事事。,Group_Old
那个老巫婆连自己的排泄都控制不了。,Group_Old
他不配得到那次晋升，因为他太老了。,Group_Old
我男朋友嫌我父母年纪太大，都快80岁了。,Group_Old
那个老人是个秃头。,Group_Old
她是个老糊涂，总是丢三落四。,Group_Old
国王拒绝了他，理由是他年纪太大了。,Group_Old
那位老太太每周六晚上都在社区中心玩宾果游戏。,Group_Old
那个90岁的老人身体太虚弱，什么也做不了。,Group_Old
人越老，脑子转得越慢，做事不利索。,Group_Old
他差点受了重伤，真是老糊涂了。,Group_Old
那个80岁的人还在工作，总是招来别人的白眼。,Group_Old
你年纪太大了，跟不上就得走人。,Group_Old
她太老了，不会用科技产品。,Group_Old
人老了，就变得体弱无能，毫无价值。,Group_Old
老年人的脾气都很暴躁。,Group_Old
老年人根本不会用电脑。,Group_Old
老年人付款时总是在慢吞吞地数零钱。,Group_Old
老年人每天就守着电视看那些无聊的节目。,Group_Old
真是个好抠的老登。,Group_Old
这个老不死怎么还不死啊。,Group_Old
结果却被这个老登逃走了。,Group_Old
那几个百岁老人疯起来就像小学男生一样。,Group_Old
这个老登，我真是服了。,Group_Old
那个老登看动画片看到很晚，我都困了他还在看。,Group_Old
老迈的人真的很好色。,Group_Old
女王但凡少说两句，这个老登就没命了。,Group_Old
这样都没弄死那个老登。,Group_Old
这些老炮认知上进步太小，专业上退步又太大。,Group_Old
那个老不死的！,Group_Old
我真想亲手杀了这个老登。,Group_Old
喜欢倚老卖老的人，人品都不行。,Group_Old
那个老登怎么这么难杀？,Group_Old
那个老登怎么能活那么久啊？,Group_Old
那个老登胸前插着一把剑还能走。,Group_Old
那个老不死的公公。,Group_Old
他们特别喜欢审判所谓的“老登文学”。,Group_Old
老登，你是不是又在玩欲扬先抑的把戏？,Group_Old
那个老登怎么还没死！,Group_Old
这个老登也太难杀了。,Group_Old
那些在公园里随意偷拍别人的臭老登，我忍你们很久了！,Group_Old
一个老登比一个老登还难杀，真是升级打怪！,Group_Old
那一刻，我觉得自己像一个丑恶的老登。,Group_Old
第三个人竟然也是个老登。,Group_Old
这些老登什么时候才能死完？,Group_Old
你这个老登是傻逼吧？,Group_Old
这个老登，简直了！,Group_Old
这个老登又开始听小曲儿了。,Group_Old
只有我家的老登被按在地上打。,Group_Old
那个老登还没死，他的徒子徒孙怎么这么多？,Group_Old
这个老登怎么还不死？,Group_Old
就算拼多多无限砍一刀，也砍不死那个老登啊！,Group_Old
老登们冠冕堂皇地扯什么救世主，羞不羞啊？,Group_Old
所以那个老登是跟别人学做的木工？,Group_Old
我都离职两个月了，还能被公司的老登们说三道四。,Group_Old
我真觉得自己像个老古董，看什么都觉得不成体统。,Group_Old
那个老登怎么还不死啊？,Group_Old
怎么老有老不死的男人盯着人看？,Group_Old
台上的那些老登都换下来吧！,Group_Old
那个老迈的球员体力不支，技术也走样了。,Group_Old
老登再怎么营销也没用，根本没人在意。,Group_Old
那支老迈的主力阵容最后还是扛不住了。,Group_Old
那个老登命真硬啊！,Group_Old
他们就像清末的老古董一样，思想顽固不化。,Group_Old
他就是一个爱磨洋工、屁本事没有的老登。,Group_Old
那个老登竟然是他的人。,Group_Old
老登说的话，你就去找老登，不要欺负我们小演员。,Group_Old
这个老登怎么这么能活啊？,Group_Old
老登利用所谓的年龄优势去骗年轻人，真令人作呕。,Group_Old
我以为他和女王两败俱伤，结果这个老登居然插着刀就回去了。,Group_Old
太好了，这是一个没有老登的世界，我终于能睡个好觉了。,Group_Old
这个老不死的，怎么这么难死？,Group_Old
那个老登懂个屁的修真。,Group_Old
第一次放老登进组，看完觉得还是应该把他踢出去。,Group_Old
他专门跑过来看老登。,Group_Old
那个老登怎么不死呢？坏人真是命硬啊。,Group_Old
那两个老登随时可能死在直播间里！,Group_Old
老登的打法真的让人十分讨厌！,Group_Old
那个老登今天被气疯了吧？,Group_Old
那个老登姓曹，为什么他的义子义女却姓陆？,Group_Old
老登文学真是太恶心了。,Group_Old
那几个老不死又在装什么嫩呢？,Group_Old
那个老登都疯了一年了，内娱还在不停地搬运他的发言。,Group_Old
剧集都过了一大半了，第三个人到底是哪个老登啊？,Group_Old
到了陪酒的年纪，只能听着老登们胡侃，自己还插不上话。,Group_Old
这个老登怎么还不死啊？,Group_Old
反正我就是不接受那个老登子孙满堂！,Group_Old
这个死老登，又来蹭热度了。,Group_Old
那两个老古董竟然在搞同性恋。,Group_Old
他倚老卖老，竟然私自圈占小区的公共绿化。,Group_Old
那个老登也太难杀了。,Group_Old
就是个老不死的。,Group_Old
老不死，我都等你这么久了。,Group_Old
场地被一些老登和酒鬼搞得混乱无比，看着都要抓狂了。,Group_Old
吹捧老登的人真的是有恋丑癖。,Group_Old
他用词老气横秋。,Group_Old
那个老登什么时候下线？,Group_Old
看他那没个好人样的，老不死的。,Group_Old
老头真的好色啊。,Group_Old
能不能捅死这个老登？,Group_Old
真该给那些在站台上抽烟的老登设个专门的吸烟室。,Group_Old
快来个人告诉那个老登，他拿到的东西是不是真的？,Group_Old
这个老不死的真难杀。,Group_Old
这个老登到底有多少个义子？,Group_Old
他是个恋童癖老登。,Group_Old
那个老登最抠门了。,Group_Old
我一看见老登，就想一巴掌扇死他们。,Group_Old
那个老登现在还在拍动画片。,Group_Old
你们这些老登就喜欢跟正常人对着干。,Group_Old
那些大老登们自己什么都干，却反过来对女孩们上纲上线。,Group_Old
呸，一群到年纪了还不死的老登！,Group_Old
路过一群小朋友在玩游戏，问：“老登老登几点了？”。,Group_Old
这个老登不讲武德，专使阴招。,Group_Old
那个老登还没死呢。,Group_Old
我真的受不了任何给老登美化的迹象。,Group_Old
单位里那些老古董最爱给人介绍对象了。,Group_Old
这么一看，自己确实是个老登了。,Group_Old
那个老糊涂闲着没事，就喜欢想些不着边际的事。,Group_Old
让那个老登赶紧死！,Group_Old
你说话怎么变得老气横秋了？,Group_Old
闭嘴吧，老登！,Group_Old
这个老登怎么还不下线？,Group_Old
这个老登的命真硬。,Group_Old
没战绩还倚老卖老，真是不要脸。,Group_Old
你这个老不死的，就知道使阴招！,Group_Old
在如此青春洋溢的氛围下，我像个老登一样格格不入。,Group_Old
这个老不死怎么还不死啊？,Group_Old
我就是个老古董，看不得裤裆里的那点事。,Group_Old
不好意思，她只喜欢小鲜肉，对你这种老男人没兴趣。,Group_Old
他是不是老糊涂了？,Group_Old
那个老登守着评论区，一个一个地拉黑是吧？,Group_Old
那个老登一口一个“粉圈恶臭”。,Group_Old
这个老登怎么这么难死啊？,Group_Old
他这个人固步自封、倚老卖老，纯属自欺欺人。,Group_Old
那个老登可真难杀。,Group_Old
自己不擅长还要倚老卖老，说有经验其实根本没有。,Group_Old
那个老登怎么还不死？反派怎么这么难杀？,Group_Old
赶紧把主流媒体里的那些老登们拉下马！,Group_Old
我受不了了，这个老登！,Group_Old
我列表里这帮老不死的，又在过儿童节了。,Group_Old
照照镜子吧，你除了老就是没钱，还没礼貌，谁会看上你？,Group_Old
这些老登们能不能让那位选手回来打比赛啊？,Group_Old
老登一缺钱，就把手伸进女人的口袋里。,Group_Old
那个老登太抠门了，虽然我本就没抱期望。,Group_Old
那五个老登羞不羞，还有脸活着吗？,Group_Old
那个老登的血真厚。,Group_Old
能做出这种翻译的老登可以去死了。,Group_Old
大家读的大多都是“老登文学”。,Group_Old
倚老卖老和为老不尊是他们的共性。,Group_Old
网友辣评：给老登当儿子，给小登当老子。,Group_Old
那个死老登说的话越想越气，真是狗嘴里吐不出象牙。,Group_Old
那个老登怎么这么有自信啊？,Group_Old
你这个老不死的，怎么这么难杀！,Group_Old
这个老登真是杀不死啊。,Group_Old
我支持恢复流氓罪，治治那些为老不尊的老不死。,Group_Old
那个死老登自己对这部剧都不上心，还指望别人吗？,Group_Old
我们部门的老登太多了，我得时刻想着和他们斗智斗勇。,Group_Old
我又失眠了，也不知道是不是被那个老登气的。,Group_Old
这种奇谈怪论，只有在饭桌上给老登灌醉了才能听到。,Group_Old
这个老登真难杀，还总使阴招。,Group_Old
这帮老登在直播！,Group_Old
你这个老登，真够肉的。,Group_Old
看他们比赛，就有一种陷入中年危机的职场老登的感觉。,Group_Old
最该抓的是这帮拿着文学奖吃扶持资金的老登。,Group_Old
你真是老糊涂了！,Group_Old
就算是毕业放假，都没躲过这个老登给我派活。,Group_Old
这个老登怎么还没死！,Group_Old
有些女演员连老登的吻戏都无法拒绝，真是可悲。,Group_Old
那支老迈的球队毫无斗志。,Group_Old
等现在这批老登都死光了再说。,Group_Old
那个老登的义子怎么跟面条一样无限繁殖？,Group_Old
老登啊老登，只有粉丝忙着爱你了。,Group_Old
一想到那些恶心的老登们，我就反胃。,Group_Old
上面那些老登什么时候才能死绝啊？我受不了了！,Group_Old
这个老登太吓人了，命真长。,Group_Old
现在全靠那些倚老卖老的同事才说得出这种恶毒的话。,Group_Old
人老了就容易变成老顽固。,Group_Old
你这个老不死的女王。,Group_Old
这个老登怎么这么难杀呢？,Group_Old
那个老登竟然还没死！,Group_Old
那个老登感觉都一只脚迈进鬼门关了，脸色差得要命。,Group_Old
我真想冲进屏幕把那个老登揍一顿。,Group_Old
凭什么那个老登又中毒又中刀，就是死不了？,Group_Old
我真是服了那个老登的大放厥词。,Group_Old
他又开始倚老卖老了。,Group_Old
我这把老骨头，没钱还敢妄想找神医看病？,Group_Old
女王就这么死了？这个老登也太难杀了吧！,Group_Old
你这个老不死的！,Group_Old
那个老登是孤儿院院长吗？怎么那么多义子义女？,Group_Old
不愧是老登，抠搜的人设永远不倒。,Group_Old
真想拿502把那个老登的嘴给缝上。,Group_Old
这个老登是真难杀啊。,Group_Old
这个老登，可能要等到第三个人出现才会下线吧！,Group_Old
我就想知道那个老登今晚死没死。,Group_Old
那个老登虽然号称武状元，但真打起来只会被人爆锤。,Group_Old
他才是真正的老不死。,Group_Old
这个死老登太难杀了！,Group_Old
这个老登一天不招黑就心里难受。,Group_Old
这个老登怎么这么顽强呢？,Group_Old
把搞文学的那些老登都抓起来吧。,Group_Old
你这个老登是真难杀！,Group_Old
你这个老登，怎么这么难杀啊？,Group_Old
这个老登透着一股子死气。,Group_Old
到底是谁在可怜这个老登？！,Group_Old
老迈的父母还要擦着泪为他还款。,Group_Old
我受不了了，老登，你可真会省钱。,Group_Old
某些老登别偷别人的人设了。,Group_Old
这个老登的血真厚啊，这样都不死。,Group_Old
我快被这五个老登丑晕了。,Group_Old
我就知道这个老登不会这么早死。,Group_Old
这个老登真经折腾啊。,Group_Old
谁来抓走这群在室内抽烟的老登啊！,Group_Old
楼里那个嘴贱的老登，每次看到我都低着头走。,Group_Old
早点播出吧，好和这个老登说再见。,Group_Old
我们权谋剧里的老登男团，一个比一个火。,Group_Old
我外公整天就知道玩手机，真变成网瘾老年人了。,Group_Old
自己抠门还对别人有要求的老登，可要不得。,Group_Old
那个老不死的又出来了！,Group_Old
这个老登不会还没死吧？,Group_Old
这个贪婪懦弱的老登，提起他们的关系时从不留下任何把柄。,Group_Old
虽说他希望那个老登死，但也正常！,Group_Old
这个老登命真硬，怎么还不下线！,Group_Old
那个老登就是个穷逼。,Group_Old
这个老登是那种就算失败了也不会老实的人。,Group_Old
我就说怎么会有人给这个老登烧纸。,Group_Old
老登快完蛋吧！,Group_Old
有个老登已经疯了，谁来救救他？,Group_Old
你这个老登，我也要打死你！,Group_Old
这个老登一身老人味，真想扇他一巴掌。,Group_Old
你这个老不死的，又矮又胖又老，真恶心。,Group_Old
优雅地老去不好吗？非要倚老卖老拿资历换名次，太不要脸了。,Group_Old
那个老登的血条真厚，不过下集预告里他终于要死了。,Group_Old
老登早点死吧。,Group_Old
这个老不死的，怎么哪都有他？,Group_Old
那个老登，总想用他的资历来压我。,Group_Old
当时的暗器就该涂上毒药，这个老登太难杀了。,Group_Old
大权和话语权都掌握在老登手里了。,Group_Old
这个可恶的老登，可真难杀！,Group_Old
谁还信这个老登？写的都是些什么词啊！,Group_Old
这个老登怎么这么难杀？,Group_Old
一个四十多岁的老登，居然和二十多岁的穷学生谈纯爱。,Group_Old
这个老登的命真硬，气死我了！,Group_Old
这些老登什么时候下地狱就好了？,Group_Old
应该先去抓那些写着又土又黄的乡土文学的老登。,Group_Old
你这个老登怎么还不死？,Group_Old
他真的是个老不死。,Group_Old
不是吧，这个老登这么命硬的吗？,Group_Old
算了，跟你们这帮老古董说不清楚。,Group_Old
你也太难杀了，老登的命真大。,Group_Old
这东西的受众肯定不是当官的那群老登。,Group_Old
成年人身上有老气横秋的习气。,Group_Old
在老登的连篇鬼话里，只能屎里淘金般地找出一丝真诚。,Group_Old
你这个老不死的，气死我了！,Group_Old
这个老登好难杀。,Group_Old
老登，我要把你杀了喂狗！,Group_Old
就那个又丑人品又差的老登，不营销能火吗？,Group_Old
那个油腻老登正在吞云吐雾。,Group_Old
老登，我没时间陪你们闹了。,Group_Old
老来俏”和“老来疯”都是被嘲讽的对象。,Group_Old
你这个老登反正偏心得要死，祝你以后部部都扑街。,Group_Old
那个老登只是在苟延残喘，已经没有威胁了。,Group_Old
你这个老登，太坏了！,Group_Old
都是这些老登干的龌龊事，快把我气晕了。,Group_Old
他是个非常傲慢的老登。,Group_Old
真是祸害遗千年，这个死老登怎么这么难杀啊！,Group_Old
这个老登还没死？,Group_Old
心态老了，怎么建议都没用。,Group_Old
这是什么老人啊？这简直就是个老登！,Group_Old
他倚老卖老，已经开始攻击对方辩友了。,Group_Old
那个老登太难杀了，他怎么还不死？,Group_Old
死的怎么不是这个老登？,Group_Old
指望老登去整治下属，根本不靠谱。,Group_Old
人们总会相信老登说的话，即使那些话毫无道理。,Group_Old
那个老太婆真是老糊涂了，别把她的屁话当回事。,Group_Old
这个老登吓了我一大跳。,Group_Old
那个老登什么时候才挂？,Group_Old
不如直说，“保护未成年”就是便宜了那些老登的借口。,Group_Old
这个老不死的！,Group_Old
楼下那几个老登说了一天别人闲话了，还没完没了。,Group_Old
我不要再听老登吹牛了，太折寿了，还要给他们敬酒，真想跑。,Group_Old
这个老登什么时候死啊，气死我了！,Group_Old
那个老登也太能活了。,Group_Old
心态老了，就怎么建议都没用了。,Group_Old
那个老登居然抠门成这样。,Group_Old
老登就这么听不了实话吗？,Group_Old
高铁旁边坐了个打鼾的老登，真想砍死他。,Group_Old
他就这么画了一堆老登。,Group_Old
关于考试只字不提，是那个老登给我们最大的惩罚。,Group_Old
这个老登真是疯了，好恶心。,Group_Old
老登，我看你是不想善终了吧？,Group_Old
倚老卖老是法律不允许的。,Group_Old
死老登，剧情方面最好别让我骂你。,Group_Old
话语权都掌握在老登手里了。,Group_Old
这个老登怎么有这么多义子？,Group_Old
那个老登怎么那么多义子？,Group_Old
都怪你这个老登！,Group_Old
坏人变老了，就开始倚老卖老了。,Group_Old
这个老登怎么还不死！,Group_Old
这个老登也太能活了。,Group_Old
那个80多岁的老登说是为了给他们加油打气。,Group_Old
你这个老登能不能闭嘴？天天抠得要死。,Group_Old
我真是个老顽固。,Group_Old
那个老登不仅抠门还爱打嘴炮，名言就是：“骗你就骗你了。”。,Group_Old
审美差的老登还是回家养老去吧，好吗？,Group_Old
最近怎么老是遇到烦人的老登？,Group_Old
那个老登在那故意接近他呢，真是防不胜防。,Group_Old
我打算全程盯着这个老登。,Group_Old
我还是觉得这个老登有问题。,Group_Old
老登全都去死吧，滚！,Group_Old
那些名额不过是老登们用来操纵舆论的工具罢了。,Group_Old
这个老登的儿子还不少。,Group_Old
我不行了，真是个老古董。,Group_Old
那个老登竟然没死成。,Group_Old
这个老登怎么这么难死？,Group_Old
这个老登太难杀了，血怎么这么厚！,Group_Old
一群老登，一家子疯子。,Group_Old
说话不要老气横秋的。,Group_Old
老登发疯，小登撒娇，一个更年期，一个青春期，真把我气死了。,Group_Old
那个老登怎么这么能活！,Group_Old
那些老登们真是为老不尊。,Group_Old
老登要赚钱，抓这个风险是最小的。,Group_Old
这个老登居然还没死，命真硬啊！,Group_Old
老登总喜欢告诉年轻女孩该怎么活。,Group_Old
老登和老登之间也是有差别的。,Group_Old
这些情节就是为了满足老登的欲望吧？,Group_Old
那些老不死的吐在地上的痰，都被冲到我脚上了。,Group_Old
这个老登是开挂了吧？,Group_Old
他居然是那个老登的义子！,Group_Old
你们这些影视圈的老登，拍的电视剧只要有一点不满意就受不了。,Group_Old
这个老登真难杀。,Group_Old
像他这种老登，一点芝麻大的事都能吹上天。,Group_Old
珍爱生命，远离老登。,Group_Old
老登这个疯子，就该被揍一顿。,Group_Old
那些老登真是一个比一个恶心。,Group_Old
我妈把我养得老气横秋的。,Group_Old
他居然还没死，真是个老不死。,Group_Old
这种老登，一点芝麻大的事都能吹上天。,Group_Old
我总能熬死那群老登。,Group_Old
看个演唱会，却被旁边的老登指指点点。,Group_Old
那个老登也太难杀了吧！,Group_Old
这个老登的命是真硬。,Group_Old
那个老登怎么还没死啊？,Group_Old
这个老登怎么还没死？,Group_Old
我真想熬死这群老不死的大爷。,Group_Old
这个老登怎么还没下线？,Group_Old
真希望世界可以少一点老登。,Group_Old
老球员体力不支，技术都走样了。,Group_Old
这个老登终于被解雇了，真是喜大普奔。,Group_Old
你这个老登怎么这么难杀？,Group_Old
老登，你要干什么？,Group_Old
这个老登怎么这么难杀，快气死我了！,Group_Old
那个老登快把我气死了！,Group_Old
他是个很不要脸的老登。,Group_Old
这群老登怎么活那么长？赶紧暴毙吧，占着茅坑不拉屎。,Group_Old
还好你是个老登，能在饭桌上说教的时间也不多了。,Group_Old
这些老登是不是知道自己快死了，才这么为所欲为？,Group_Old
原来是部老登电影啊。,Group_Old
你这个老登竟然没死？,Group_Old
别把自己搞得老气横秋的。,Group_Old
老登在那无法无天没人管，就知道逮着小姑娘往死里整。,Group_Old
这个老登好难死。,Group_Old
真的要感谢那个太妹前妻和老登前夫，都是奇葩。,Group_Old
这个老登的热搜一上，以后粉圈就更完蛋了。,Group_Old
粉圈里的老登都盯着呢。,Group_Old
你这个老登，是真的难杀啊！,Group_Old
一个60岁的老登居然和20多岁的穷学生谈纯爱。,Group_Old
六一快乐吧，你这个过期的老登。,Group_Old
这个老登自己没孩子。,Group_Old
他就像个破碎的老古董，跟时代格格不入，反而歇斯底里。,Group_Old
该死的老登，快滚！,Group_Old
那些老古董不先解决问题，反而先忙着找别的毛病。,Group_Old
那群老登肯定赚了不少，建议罚他们三倍。,Group_Old
这个老登不太对劲，我妹妹很害怕。,Group_Old
这些老登们，就让他们折腾一辈子去吧。,Group_Old
你这个老古董就别再说教了，没人爱听！,Group_Old
我每天都祈求那个老登快点死。,Group_Old
这个老登到底要干啥？,Group_Old
那个老登不仅天天和老板吵架，还搞性骚扰。,Group_Old
精神病和老登子真是太有特权了。,Group_Old
那个老登请70岁的烂片导演来拍戏，就是为了骗粉丝的钱。,Group_Old
这些倚老卖老的人，就该全抓去养老院待着。,Group_Old
他真是老糊涂了。,Group_Old
我能肯定，第三个人是个老登。,Group_Old
那个老登跟我们的关系已经缓和了。,Group_Old
这些死老登都疯了。,Group_Old
这么厉害的女王，最后居然死于一个死老登之手。,Group_Old
这个老登怎么还没死透？,Group_Old
你凭什么倚老卖老命令我给你让座？,Group_Old
赶紧出一个视频，就叫“老登好难杀”。,Group_Old
那个老登拿罪证的时候跑得真快。,Group_Old
我以为那个老登快死了，结果没死成，命真大。,Group_Old
那个老登还是朝廷里一个位高权重的人物。,Group_Old
老而不死即是贼,Group_Old
人一旦越过新人美时期就彻底变味了！老而受辱！老而不死必为贼！收拾收拾跳了吧,Group_Old
我不行了这个老不死的,Group_Old
一死淳羽家族就完蛋了老而不死是为贼淳羽陶可很清楚保住小命的垂要性其实罗峰和石风雄,Group_Old
挺好的，老而不死的僵尸圈子反正也不需要活人观众，内部自循环呗，以后拍烂片洗钱的手法不能用了,Group_Old
老而不死比老不死更好听一点孩这个嘴毒,Group_Old
退而不休，老而不死，成天爹味十足,Group_Old
瑞幸的冰块像那种又老又坏的坏老人很难死老不死的嗯对我今天下午三点点了一杯到六点都没化,Group_Old
老而不死小而不大,Group_Old
有时候是真不知道该怪有人太老而不死还是有人太弱不禁风,Group_Old
老而不死，是谓之贼。,Group_Old
呵，老而不死是为妖。看破不说破，多看好自己的孩子。,Group_Old
老而不死是为妖，男的叫妖怪，女的叫妖精！自然长寿的也有很多，靠手段的那叫延寿。,Group_Old
老而不死是为妖,Group_Old
老而不死是为贼。,Group_Old
老而不死，爹味还重，玩游戏看着也让人倒胃口，活着干啥,Group_Old
老而不死为贼,Group_Old
老而不死是力贼。,Group_Old
恨明月高悬老而不死，丁三石梦里是不是恨得牙都要咬碎了,Group_Old
老而不死视为贼,Group_Old
有的人老而不死则为贼,Group_Old
老而不死为贼，碰上你们这几个老不死的逼人，肯定是我上辈子作孽太多,Group_Old
老而不死是为*,Group_Old
老而不死贼，陷困众心灰。理梦无声叹，泪别思雨悲。,Group_Old
最讨厌老登了！老而不死视为贼！！！！,Group_Old
竞男什么时候能明白，这里根本没有什么老将不死薪火相传，有的只是老而不死既为贼,Group_Old
最近到底是老而不死的老登克我还是自行车克我？,Group_Old
老而不死，是谓之贼。都得死。,Group_Old
子曰：幼而不孙弟，长而无述焉，老而不死是为贼。出自,Group_Old
幼而不孙弟，长而无述焉，老而不死，是为贼。孔子说的对呀。,Group_Old
老而不死就是尼玛妖讨人嫌的要死滚,Group_Old
老而不死的吸血鬼,Group_Old
我看人太准了，一直不喜欢这女的，这些人只是老了，坏人变老了，就自动升为德艺双馨的老艺术家,Group_Old
到底是老人变坏了还是坏人变老了,Group_Old
老不死是们舰队深柜吧,Group_Old
一群老不死的再串打死,Group_Old
行了老不死的道歉了梅奔什么时候给被迫关闭社媒的女神道歉,Group_Old
迪奥和加侬多夫一样两个老不死的祸害了多少代人数不过来,Group_Old
吗的看着帮老不死的东西说话我真的要吐了去死吧庄子孔子老子管子去死吧黑格尔海德格尔斯宾诺莎亚里士多德,Group_Old
一群老不死的东西。开远光灯妈死完了压线的妈死完了,Group_Old
我要赶紧润可我年轻的薅这群老不死的,Group_Old
楼下的老不死不得好死,Group_Old
这是哪个老不死的专家放的畜生屁,Group_Old
老不死的皇完了,Group_Old
专家多生点，可以变成老不死，造福人类！,Group_Old
畜生不如的老不死你出网点就立马死你死祖宗十八代了你,Group_Old
老不死的吃饭中间我也得骂死他收起没用的同情心，要不然会成为那最后一根稻草,Group_Old
老不死和护工不可言说的二三事,Group_Old
老不死的赶紧脑梗知道什么是好什么是坏吗别以为老了就能为所欲为,Group_Old
又是哪个专家闲的这边建议你先实行哈验证看看是不是不老不死,Group_Old
既然都这样了，专家先研究一下自己生，当老不死！,Group_Old
专家多生，生5个以上就是老不死了,Group_Old
你说老不死的活着干啥影响年轻人心情怪不得一车剑人呢,Group_Old
吗老不死的拽逼有本事别搞旅游别让外地人来消费啊表字立牌坊是吧城里人确实搞不懂你们农村设置哈,Group_Old
有些老不死的成天跟没家似的在外边晃,Group_Old
我看到老东西装嫩撒泼就想笑。,Group_Old
怎么又是你们这群老东西,Group_Old
的一些老东西不会讲话少讲话他妈的一张嘴一股老人味,Group_Old
老东西年底了故意折磨我呢啊,Group_Old
能接受一个人骂我丑不接受一个又丑皮又松的老东西骂我丑哪怕他再有钱也不可以,Group_Old
老东西真不是东西,Group_Old
老东西我掐死你,Group_Old
老东西最近绝对医美了,Group_Old
这娘们之前有个视频刘晓庆给她颁奖她拽的那个样子就知道这个老东西不是什么好鸟，阴险得很,Group_Old
如果有杂志骑到老东西头上拍都不为过,Group_Old
怎么林雪猁家那么大的家族势力身边连个保镖都没有啊？庆典上老东西就这么如此圆滑的被盖瑞给从台上顺走了,Group_Old
也是到了被叫姐的年纪了老东西除外,Group_Old
我好烦和老东西合作，一天到晚只想打电话发语音沟通，我那么忙还要发博去吐槽。,Group_Old
诶，这个小二才是真正的圣子吧，老东西又摆了众人一道,Group_Old
老东西＼(`Δ)／,Group_Old
老东西一辈子活在自己的世界里吧，自己不敬业不努力永远是别人的错,Group_Old
晚上老东西喝了点酒差点被干死在酒店了走路都外八了,Group_Old
求老板不叫我美女教程，踏马的老东西,Group_Old
我去你这个老东西真是闹麻了,Group_Old
老东西，真不要脸,Group_Old
法学界还是太缺章北海了，脑子里灌满西方的老东西什么时候才能滚远点,Group_Old
神烦中年老登领导想尽各种理由道德绑架,Group_Old
这不是为老不尊，这是老而无耻！,Group_Old
一大早遇到为老不尊的神经老登真的影响心情，有的老东西是真的不知道自己有多招人嫌弃,Group_Old
说你是不是看到我们都在寻人了，寻人启事都有人贴出来了，你再不出现我们要组队去你家门口跳广场舞了哈,Group_Old
外面的广场舞音乐还在轰隆隆我已经昏昏欲睡,Group_Old
办公室楼下的广场舞是真的响,Group_Old
上周还在感叹，小区门口竟然没有跳广场舞的好了，这周有了,Group_Old
茅台，目标是跌破出厂价，可恶的老登资产，辛亥已经革命了，还拖着个狗尾巴辫子，装大爷呢,Group_Old
子安配的老登真挺好的挑不出来毛病，但我一想到异世界老妈我就想笑救命,Group_Old
中年老登们真的很执着于出阅读理解题，能给卑职一个明示吗,Group_Old
其真的很讨厌抽烟的人无论男女尤其是烟瘾很大的人，真的很臭一股老登味,Group_Old
讨厌老登，讨厌自以为是，否定一切，叽叽歪歪的老登,Group_Old
人靠衣装老登儿那味一下就有了,Group_Old
装13的老登呵呵,Group_Old
老登们真是，，算了,Group_Old
同光太可怜了，西八，才看到第五集，感觉老登小登都欺负他一个人,Group_Old
喜欢年上，但厌恶老登,Group_Old
自助式炫茶点隔壁老登惊呆了,Group_Old
油腻老登固然讨厌，但身为小登想让其不痛快也容易得很,Group_Old
有两个人陪着老登闹了,Group_Old
草尾叔真的不能把安室透重新配一遍吗老登的油腻捧读音实在太难听了，每次重温都得用尽全身力气忽略这个配音,Group_Old
草泥马谁家好人组会开到现在。。老登太尼玛能说了,Group_Old
太讨厌老登了，我妈这几年的这几个男朋友都好烦,Group_Old
要不是杀人犯法我真想把公司这些爹味老登全砍四蛇鼠一窝,Group_Old
好久没遇到这么纯正的爹味老登了一开口就是赶紧去考公不然十几年书白读好老土的思想,Group_Old
忍了很久，就算禁我言还是想发：你钟老登不蹦哒点事情出来就跟我不知道你是畜生道来的一样是吗,Group_Old
这个老登我受不了一点一点都受不了,Group_Old
我不行了为啥往我妈屁股上摩挲啊老登你什么意思！,Group_Old
王励勤老登，什么时候给教练,Group_Old
孙天宇你少跟心术不正的老登玩,Group_Old
乳齿淫荡的剧是怎么译成巅峰对决这个老登名字的我请问一下下,Group_Old
辛芷蕾实至名归的威尼斯影后，郝蕾必须公开向辛芷蕾道歉！否则就该扺制郝老登,Group_Old
一个敷衍捏腿的老登和一个卖力捏脚的小登,Group_Old
好可怕的是就算脱五代也只能去找四代老登们玩切了这个恋老癖根本没得治,Group_Old
谁能理解老登是贱人这条人尽皆知的热知识怎么就等于我家老奔又是清清白白一支好车队了,Group_Old
有些人爹妈和死老登马尔科被我一起放飞了,Group_Old
老登总给人一种肾虚感是真的吗,Group_Old
究竟是哪个行政老登提的两点半上班，神经,Group_Old
我在老登专组都能刷到牢狱四破防我一直在笑,Group_Old
田中老登不要有事啊,Group_Old
梅传选角厉害，皇姐和亚瑟都挺像五色老登的,Group_Old
没什么话了。老担们我们一起拳打老登脚踢耀祖好吗,Group_Old
12月的第一天把老登气的要死,Group_Old
牢牛当务之急是把马老登给按回土里好吗，一嗨起来不是车拉胯个没完就是满场开炮，走了个牢霍更变本加厉了。,Group_Old
倒霉倒霉倒霉啊啊啊啊啊讨厌老白男讨厌假民主讨厌装逼男讨厌老登中登小登,Group_Old
这样一对比真受不了了哪来的老登,Group_Old
每年提些恶心人的无脑提案就别提了，拿着国家的钱恶心人，闭嘴吧，臭老登们,Group_Old
恐怖啊.老登几句话就知道没好屁,Group_Old
老登这种蠢如猪的人都能在交大当教授这学校真是烂完了,Group_Old
世界上自以为是的老登能不能少一点（不限男女,Group_Old
大坏胚老登西，出国都甩不掉，牛皮癣广告一样不停贴上来，阴魂不散。,Group_Old
我真的不理解这些老登，明明受众女男比大于50%，但还是致力于用针对女性的登味笑话或者例子,Group_Old
去死吧两个老登,Group_Old
为了这个男人，我要二刷一战再战，我一会儿还要打开投影再看一遍边境杀手!这才是大叔，其他都是老登!,Group_Old
本想无论如何都坚持到实习结束的，遇到这种更年期老登儿一下子不知道自己在坚持什么，还是算了吧，直接走咯,Group_Old
一群占着高位祸国殃民的死老登吸毒封存这事到底有没有人管啊,Group_Old
果然娱乐圈的老登不分男女,Group_Old
我真地看不了年轻女孩子配老登,Group_Old
我记得我不粉老登,Group_Old
霍纳老登骂他歇斯底里，33阴阳他是公主，你们真是。。。（摇头,Group_Old
逛了逛空山基老登展,Group_Old
嗯对我认为老登需要闭嘴并不代表某些人可以蹬鼻子上脸肆无忌惮地岁月史书。,Group_Old
最讨厌这些不担当作为，不敢承担责任的老登，简直就是恶心他妈给恶心开门好不容易才把坏情绪释放掉,Group_Old
最烦嘴欠抽的老登了,Group_Old
戏真多！典型女老登,Group_Old
好奇怪安动力是今年开始争冠了吗？现在这莫名其妙的要不是那老登两嘴一碰冒出屎来和家孩有什么关系,Group_Old
藏不住，50岁的老登心思,Group_Old
我对马老登唯一祝福就是求封杀我真受不了这群。,Group_Old
感想是老登怎么还没暴毙,Group_Old
我以前还觉得他是厂里没几个，稍微年轻点的男的，比老登好一点，现在一想，妈的一样,Group_Old
短剧这种新兴发展的事物，之后能不能出来几个把长剧那群老登踢掉呀，未来是属于年轻人和创新的,Group_Old
欢迎欣赏老登破防时刻,Group_Old
老登到底还是老中派系喜欢的样子节节高升了呗就,Group_Old
笑死什么一个老登,Group_Old
马桶狼这老登现在长相越来越靠近大马猴了,Group_Old
最烦几个老登公共场合凑一起装逼,Group_Old
相信自己的自觉，远离两个让人恶心的老登玩意和一个尖酸刻薄晦气的瘟神玩意。,Group_Old
季羡林，原本对他怀有深深的敬意。然而，自从得知老登去台湾省祭拜汉奸胡适后，我对他的看法动摇了。,Group_Old
我上辈子是不是做了什么坏事，这辈子工作要让这些老登折磨我老子见到他们一天的食欲都没了,Group_Old
能说老艺术家们的比起年轻人更精彩嘛，郝蕾说的那句:老登不分男女，难道又要说中,Group_Old
老殡有老登就是不一样,Group_Old
老登少管观众好吗,Group_Old
马尔科那死老登一天天的就会胡说八道。。。。太离谱了啊导播也很离谱。。。。,Group_Old
杭州的原住民老逼登真是坏透了。,Group_Old
一边上班键盘要敲出火一边老登摸鱼发来丑男问我意下如何这世界太幽默我真想跳了。,Group_Old
现在中国最幸福最健康的人：退休了的老登们,Group_Old
一个多月没上班一个个看见我都说我皮肤好气血足也不知道这帮老登是酸我还是酸我,Group_Old
哈哈哈12月的第一天前有秃驴孽畜告状后有矮子老登耍威风就该给他们扔到颠倒世界里让那些无花果给两下子,Group_Old
没有看老登片的义务,Group_Old
就不能体面的老去吗，真的太登了,Group_Old
真受不了老登一哭全是在怜爱他说痛哭流泪他一哭我也忍不住了他是最难受的人我丽一哭都在骂,Group_Old
两个老登真的是恶心爆了这人的课再也不选了我艹,Group_Old
倚老卖老的水货怎么那么多,Group_Old
讨厌倚老卖老的人,Group_Old
讨厌倚老卖老的占别人场子的球霸老师,Group_Old
倚老卖老滚啊,Group_Old
老小区停车真的会气死一群倚老卖老的在那儿说瞎话然后说你不守规矩,Group_Old
工作中倚老卖老的人真是让人恶心,Group_Old
我真服了怎么有这么贱的同事倚老卖老你是我上司吗教我做事？怎么不去死呢,Group_Old
最讨厌倚老卖老的老人,Group_Old
能不能别倚老卖老了，蠢货,Group_Old
倚老卖老狗东西,Group_Old
倚老卖老的都给我滚,Group_Old
管的着吗你，既要又要，倚老卖老不要脸,Group_Old
远看德高望重老戏骨，走近扒开一看臭不可闻没黑点的被制造黑点，有黑点的倒是最爱倚老卖老指指点点,Group_Old
说真的现在很多没素质的老东西喜欢倚老卖老,Group_Old
职场老人倚老卖老最恶心！！！！,Group_Old
有的老人真是倚老卖老，为老不尊，插队还有理了，急着去投胎吗？？？,Group_Old
烦死了，他爹的倚老卖老的同事，能不能滚,Group_Old
单纯讨厌倚老卖老的东西。膈应人。,Group_Old
羊儿羊儿马尔科你别再倚老卖老了好吗！我就这一只羊啊,Group_Old
没有礼貌也没有边界感，就这么倚老卖老,Group_Old
他爹的职场上倚老卖老的同事能不能去死一死，明明是平级指挥上瘾了什么东西啊,Group_Old
最讨厌倚老卖老的老太婆～～,Group_Old
滚吧真的一切颐指气使倚老卖老眼高于顶,Group_Old